state_name,target_year,split,lag_1,lag_2,lag_diff,lag_growth_rate,lag_mean_2yr,log_lag_1,log_lag_2,target_actual
Andaman and Nicobar Islands,2020,train,2.0,7.0,-5.0,-0.625,4.5,1.0986122886681098,2.0794415416798357,5.0
Andhra Pradesh,2020,train,1886.0,1207.0,679.0,0.5620860927152318,1546.5,7.54274354536855,7.0967213784947605,1899.0
Arunachal Pradesh,2020,train,8.0,7.0,1.0,0.125,7.5,2.1972245773362196,2.0794415416798357,30.0
Assam,2020,train,2231.0,2022.0,209.0,0.10331191300049432,2126.5,7.710653323501202,7.612336837167746,3530.0
Bihar,2020,train,1050.0,374.0,676.0,1.8026666666666666,712.0,6.957497370876951,5.926926025970411,1512.0
Chandigarh,2020,train,23.0,30.0,-7.0,-0.22580645161290322,26.5,3.1780538303479458,3.4339872044851463,17.0
Chhattisgarh,2020,train,175.0,139.0,36.0,0.2571428571428571,157.0,5.170483995038151,4.941642422609304,297.0
Dadra and Nagar Haveli and Daman and Diu,2020,train,3.0,0.0,3.0,3.0,1.5,1.3862943611198906,0.0,3.0
Delhi,2020,train,115.0,189.0,-74.0,-0.3894736842105263,152.0,4.7535901911063645,5.247024072160486,168.0
Goa,2020,train,15.0,29.0,-14.0,-0.4666666666666667,22.0,2.772588722239781,3.4011973816621555,40.0
Gujarat,2020,train,784.0,702.0,82.0,0.1166429587482219,743.0,6.665683717782408,6.555356891810665,1283.0
Haryana,2020,train,564.0,418.0,146.0,0.34844868735083534,491.0,6.336825731146441,6.037870919922137,656.0
Himachal Pradesh,2020,train,76.0,69.0,7.0,0.1,72.5,4.343805421853684,4.248495242049359,98.0
Jammu and Kashmir,2020,train,73.0,73.0,0.0,0.0,73.0,4.30406509320417,4.30406509320417,120.0
Jharkhand,2020,train,1095.0,930.0,165.0,0.17722878625134264,1012.5,6.999422467507961,6.836259277277067,1204.0
Karnataka,2020,train,12020.0,5839.0,6181.0,1.0583904109589042,8929.5,9.394410399304254,8.672486075822272,10741.0
Kerala,2020,train,307.0,340.0,-33.0,-0.0967741935483871,323.5,5.730099782973574,5.831882477283517,426.0
Lakshadweep,2020,train,4.0,4.0,0.0,0.0,4.0,1.6094379124341003,1.6094379124341003,3.0
Madhya Pradesh,2020,train,602.0,740.0,-138.0,-0.1862348178137652,671.0,6.401917196727186,6.608000625296087,699.0
Maharashtra,2020,train,4967.0,3511.0,1456.0,0.4145785876993166,4239.0,8.510772623613315,8.163940954755008,5496.0
Manipur,2020,train,4.0,29.0,-25.0,-0.8333333333333334,16.5,1.6094379124341003,3.4011973816621555,79.0
Meghalaya,2020,train,89.0,74.0,15.0,0.2,81.5,4.499809670330265,4.31748811353631,142.0
Mizoram,2020,train,8.0,6.0,2.0,0.2857142857142857,7.0,2.1972245773362196,1.9459101490553132,13.0
Nagaland,2020,train,2.0,2.0,0.0,0.0,2.0,1.0986122886681098,1.0986122886681098,8.0
Odisha,2020,train,1485.0,843.0,642.0,0.7606635071090048,1164.0,7.303843225277705,6.738152494595957,1931.0
Puducherry,2020,train,4.0,14.0,-10.0,-0.6666666666666666,9.0,1.6094379124341003,2.70805020110221,10.0
Punjab,2020,train,243.0,239.0,4.0,0.016666666666666666,241.0,5.497168225293202,5.480638923341991,378.0
Rajasthan,2020,train,1762.0,1104.0,658.0,0.5954751131221719,1433.0,7.47477218239787,7.007600613951853,1354.0
Sikkim,2020,train,2.0,1.0,1.0,0.5,1.5,1.0986122886681098,0.6931471805599453,0.0
Tamil Nadu,2020,train,385.0,295.0,90.0,0.30405405405405406,340.0,5.955837369464831,5.69035945432406,782.0
Telangana,2020,train,2691.0,1205.0,1486.0,1.2321724709784412,1948.0,7.898039690764619,7.095064377287131,5024.0
Tripura,2020,train,20.0,20.0,0.0,0.0,20.0,3.044522437723423,3.044522437723423,34.0
Uttar Pradesh,2020,train,11416.0,6280.0,5136.0,0.8177041872313325,8848.0,9.342858751676328,8.74528448245438,11097.0
Uttarakhand,2020,train,100.0,171.0,-71.0,-0.4127906976744186,135.5,4.61512051684126,5.147494476813453,243.0
West Bengal,2020,train,524.0,335.0,189.0,0.5625,429.5,6.263398262591624,5.817111159963204,712.0
Andaman and Nicobar Islands,2021,train,5.0,2.0,3.0,1.0,3.5,1.791759469228055,1.0986122886681098,8.0
Andhra Pradesh,2021,train,1899.0,1886.0,13.0,0.00688924218335983,1892.5,7.549609165154532,7.54274354536855,1875.0
Arunachal Pradesh,2021,train,30.0,8.0,22.0,2.4444444444444446,19.0,3.4339872044851463,2.1972245773362196,47.0
Assam,2021,train,3530.0,2231.0,1299.0,0.581989247311828,2880.5,8.169336395928386,7.710653323501202,4846.0
Bihar,2021,train,1512.0,1050.0,462.0,0.439581351094196,1281.0,7.321849713788356,6.957497370876951,1413.0
Chandigarh,2021,train,17.0,23.0,-6.0,-0.25,20.0,2.8903717578961645,3.1780538303479458,15.0
Chhattisgarh,2021,train,297.0,175.0,122.0,0.6931818181818182,236.0,5.697093486505405,5.170483995038151,352.0
Dadra and Nagar Haveli and Daman and Diu,2021,train,3.0,3.0,0.0,0.0,3.0,1.3862943611198906,1.3862943611198906,5.0
Delhi,2021,train,168.0,115.0,53.0,0.45689655172413796,141.5,5.1298987149230735,4.7535901911063645,356.0
Goa,2021,train,40.0,15.0,25.0,1.5625,27.5,3.713572066704308,2.772588722239781,36.0
Gujarat,2021,train,1283.0,784.0,499.0,0.6356687898089172,1033.5,7.157735484249907,6.665683717782408,1536.0
Haryana,2021,train,656.0,564.0,92.0,0.16283185840707964,610.0,6.48768401848461,6.336825731146441,622.0
Himachal Pradesh,2021,train,98.0,76.0,22.0,0.2857142857142857,87.0,4.59511985013459,4.343805421853684,70.0
Jammu and Kashmir,2021,train,120.0,73.0,47.0,0.6351351351351351,96.5,4.795790545596741,4.30406509320417,154.0
Jharkhand,2021,train,1204.0,1095.0,109.0,0.09945255474452555,1149.5,7.094234845924755,6.999422467507961,953.0
Karnataka,2021,train,10741.0,12020.0,-1279.0,-0.10639713834123617,11380.5,9.281916570465405,9.394410399304254,8136.0
Kerala,2021,train,426.0,307.0,119.0,0.38636363636363635,366.5,6.056784013228625,5.730099782973574,626.0
Lakshadweep,2021,train,3.0,4.0,-1.0,-0.2,3.5,1.3862943611198906,1.6094379124341003,1.0
Madhya Pradesh,2021,train,699.0,602.0,97.0,0.16086235489220563,650.5,6.551080335043404,6.401917196727186,589.0
Maharashtra,2021,train,5496.0,4967.0,529.0,0.10648148148148148,5231.5,8.61195776786066,8.510772623613315,5562.0
Manipur,2021,train,79.0,4.0,75.0,15.0,41.5,4.382026634673881,1.6094379124341003,67.0
Meghalaya,2021,train,142.0,89.0,53.0,0.5888888888888889,115.5,4.962844630259907,4.499809670330265,107.0
Mizoram,2021,train,13.0,8.0,5.0,0.5555555555555556,10.5,2.6390573296152584,2.1972245773362196,30.0
Nagaland,2021,train,8.0,2.0,6.0,2.0,5.0,2.1972245773362196,1.0986122886681098,8.0
Odisha,2021,train,1931.0,1485.0,446.0,0.3001345895020188,1708.0,7.566311014772463,7.303843225277705,2037.0
Puducherry,2021,train,10.0,4.0,6.0,1.2,7.0,2.3978952727983707,1.6094379124341003,0.0
Punjab,2021,train,378.0,243.0,135.0,0.5532786885245902,310.5,5.937536205082426,5.497168225293202,551.0
Rajasthan,2021,train,1354.0,1762.0,-408.0,-0.23142370958593306,1558.0,7.2115567333138015,7.47477218239787,1504.0
Sikkim,2021,train,0.0,2.0,-2.0,-0.6666666666666666,1.0,0.0,1.0986122886681098,0.0
Tamil Nadu,2021,train,782.0,385.0,397.0,1.028497409326425,583.5,6.663132695990803,5.955837369464831,1076.0
Telangana,2021,train,5024.0,2691.0,2333.0,0.8666419019316494,3857.5,8.522180732927277,7.898039690764619,10303.0
Tripura,2021,train,34.0,20.0,14.0,0.6666666666666666,27.0,3.5553480614894135,3.044522437723423,24.0
Uttar Pradesh,2021,train,11097.0,11416.0,-319.0,-0.02794079004992555,11256.5,9.314520190885846,9.342858751676328,8829.0
Uttarakhand,2021,train,243.0,100.0,143.0,1.4158415841584158,171.5,5.497168225293202,4.61512051684126,718.0
West Bengal,2021,train,712.0,524.0,188.0,0.3580952380952381,618.0,6.569481420414296,6.263398262591624,513.0
Andaman and Nicobar Islands,2022,test,8.0,5.0,3.0,0.5,6.5,2.1972245773362196,1.791759469228055,28.0
Andhra Pradesh,2022,test,1875.0,1899.0,-24.0,-0.01263157894736842,1887.0,7.53689712956617,7.549609165154532,2341.0
Arunachal Pradesh,2022,test,47.0,30.0,17.0,0.5483870967741935,38.5,3.871201010907891,3.4339872044851463,14.0
Assam,2022,test,4846.0,3530.0,1316.0,0.3726989521382045,4188.0,8.486115235845377,8.169336395928386,1733.0
Bihar,2022,test,1413.0,1512.0,-99.0,-0.06543291473892927,1462.5,7.254177846456518,7.321849713788356,1621.0
Chandigarh,2022,test,15.0,17.0,-2.0,-0.1111111111111111,16.0,2.772588722239781,2.8903717578961645,27.0
Chhattisgarh,2022,test,352.0,297.0,55.0,0.18456375838926176,324.5,5.8664680569332965,5.697093486505405,439.0
Dadra and Nagar Haveli and Daman and Diu,2022,test,5.0,3.0,2.0,0.5,4.0,1.791759469228055,1.3862943611198906,5.0
Delhi,2022,test,356.0,168.0,188.0,1.1124260355029585,262.0,5.877735781779639,5.1298987149230735,685.0
Goa,2022,test,36.0,40.0,-4.0,-0.0975609756097561,38.0,3.6109179126442243,3.713572066704308,90.0
Gujarat,2022,test,1536.0,1283.0,253.0,0.1970404984423676,1409.5,7.337587743538596,7.157735484249907,1417.0
Haryana,2022,test,622.0,656.0,-34.0,-0.0517503805175038,639.0,6.434546518787453,6.48768401848461,681.0
Himachal Pradesh,2022,test,70.0,98.0,-28.0,-0.2828282828282828,84.0,4.2626798770413155,4.59511985013459,77.0
Jammu and Kashmir,2022,test,154.0,120.0,34.0,0.2809917355371901,137.0,5.043425116919247,4.795790545596741,173.0
Jharkhand,2022,test,953.0,1204.0,-251.0,-0.208298755186722,1078.5,6.860663671448287,7.094234845924755,967.0
Karnataka,2022,test,8136.0,10741.0,-2605.0,-0.24250605101470862,9438.5,9.004176840696656,9.281916570465405,12556.0
Kerala,2022,test,626.0,426.0,200.0,0.468384074941452,526.0,6.440946540632921,6.056784013228625,773.0
Ladakh,2022,test,5.0,1.0,4.0,2.0,3.0,1.791759469228055,0.6931471805599453,3.0
Lakshadweep,2022,test,1.0,3.0,-2.0,-0.5,2.0,0.6931471805599453,1.3862943611198906,1.0
Madhya Pradesh,2022,test,589.0,699.0,-110.0,-0.15714285714285714,644.0,6.380122536899765,6.551080335043404,826.0
Maharashtra,2022,test,5562.0,5496.0,66.0,0.012006549026741859,5529.0,8.623892810075294,8.61195776786066,8249.0
Manipur,2022,test,67.0,79.0,-12.0,-0.15,73.0,4.219507705176107,4.382026634673881,18.0
Meghalaya,2022,test,107.0,142.0,-35.0,-0.24475524475524477,124.5,4.68213122712422,4.962844630259907,75.0
Mizoram,2022,test,30.0,13.0,17.0,1.2142857142857142,21.5,3.4339872044851463,2.6390573296152584,1.0
Nagaland,2022,test,8.0,8.0,0.0,0.0,8.0,2.1972245773362196,2.1972245773362196,4.0
Odisha,2022,test,2037.0,1931.0,106.0,0.054865424430641824,1984.0,7.61972421378267,7.566311014772463,1983.0
Puducherry,2022,test,0.0,10.0,-10.0,-0.9090909090909091,5.0,0.0,2.3978952727983707,64.0
Punjab,2022,test,551.0,378.0,173.0,0.45646437994722955,464.5,6.313548046277095,5.937536205082426,697.0
Rajasthan,2022,test,1504.0,1354.0,150.0,0.11070110701107011,1429.0,7.316548177182976,7.2115567333138015,1833.0
Sikkim,2022,test,0.0,0.0,0.0,0.0,0.0,0.0,0.0,26.0
Tamil Nadu,2022,test,1076.0,782.0,294.0,0.37547892720306514,929.0,6.981934677156389,6.663132695990803,2082.0
Telangana,2022,test,10303.0,5024.0,5279.0,1.050547263681592,7663.5,9.240287448344136,8.522180732927277,15297.0
Tripura,2022,test,24.0,34.0,-10.0,-0.2857142857142857,29.0,3.2188758248682006,3.5553480614894135,30.0
Uttar Pradesh,2022,test,8829.0,11097.0,-2268.0,-0.2043611461524599,9963.0,9.085910293598007,9.314520190885846,10117.0
Uttarakhand,2022,test,718.0,243.0,475.0,1.9467213114754098,480.5,6.577861357721047,5.497168225293202,559.0
West Bengal,2022,test,513.0,712.0,-199.0,-0.2791023842917251,612.5,6.2422232654551655,6.569481420414296,401.0
