level_0_domain,level_1_motive_group,level_2_motive_name,level_3_motive_id,is_total
All Motives,Vindictive & Emotional Motives,Personal Revenge,1,0
All Motives,Other / Miscellaneous Motives,Emotional motives like Anger etc,2,0
All Motives,Financial & Economic Motives,Fraud,3,0
All Motives,Extortion & Coercion Motives,Extortion,4,0
All Motives,Other / Miscellaneous Motives,Causing Disrepute,5,0
All Motives,Vindictive & Emotional Motives,Prank,6,0
All Motives,Interpersonal & Sexual Exploitation,Sexual Exploitation,7,0
All Motives,Other / Miscellaneous Motives,Political Motives,8,0
All Motives,Other / Miscellaneous Motives,Terrorist Activities,9,0
All Motives,Other / Miscellaneous Motives,Inciting Hate against Country,10,0
All Motives,Other / Miscellaneous Motives,Disrupt Public Service,11,0
All Motives,Other / Miscellaneous Motives,Sale Purchase illegal drugs,12,0
All Motives,Other / Miscellaneous Motives,Developing own business,13,0
All Motives,Other / Miscellaneous Motives,Spreading Piracy,14,0
All Motives,Other / Miscellaneous Motives,Psycho or Pervert,15,0
All Motives,Other / Miscellaneous Motives,Steal Information,16,0
All Motives,Other / Miscellaneous Motives,Abetment to Suicide,17,0
All Motives,Other / Miscellaneous Motives,Others,18,0
All Motives,Total,Total,19,1
