,total_cases,it_act_cases,ipc_cases,motive_fraud,motive_extortion,motive_sexual_exploitation,sec66d_cheating_personation,sec66c_identity_theft,women_cases_total,child_cases_total,it_act_share,fraud_motive_share
total_cases,1.0,0.9563,0.8804,0.9747,0.8649,0.886,0.7935,0.8536,0.9493,0.7546,-0.4614,0.4583
it_act_cases,0.9563,1.0,0.7863,0.938,0.8319,0.8635,0.8301,0.8423,0.8872,0.7544,-0.2994,0.4492
ipc_cases,0.8804,0.7863,1.0,0.8465,0.7708,0.7779,0.6186,0.7144,0.8873,0.7055,-0.7444,0.3109
motive_fraud,0.9747,0.938,0.8465,1.0,0.8235,0.8513,0.8062,0.8481,0.9016,0.7279,-0.4262,0.582
motive_extortion,0.8649,0.8319,0.7708,0.8235,1.0,0.9032,0.8385,0.8909,0.8435,0.7019,-0.4039,0.2063
motive_sexual_exploitation,0.886,0.8635,0.7779,0.8513,0.9032,1.0,0.849,0.8006,0.8849,0.7814,-0.3888,0.2306
sec66d_cheating_personation,0.7935,0.8301,0.6186,0.8062,0.8385,0.849,1.0,0.8157,0.727,0.5606,-0.174,0.4321
sec66c_identity_theft,0.8536,0.8423,0.7144,0.8481,0.8909,0.8006,0.8157,1.0,0.7456,0.5845,-0.3229,0.422
women_cases_total,0.9493,0.8872,0.8873,0.9016,0.8435,0.8849,0.727,0.7456,1.0,0.8162,-0.516,0.278
child_cases_total,0.7546,0.7544,0.7055,0.7279,0.7019,0.7814,0.5606,0.5845,0.8162,1.0,-0.4032,0.1321
it_act_share,-0.4614,-0.2994,-0.7444,-0.4262,-0.4039,-0.3888,-0.174,-0.3229,-0.516,-0.4032,1.0,-0.0563
fraud_motive_share,0.4583,0.4492,0.3109,0.582,0.2063,0.2306,0.4321,0.422,0.278,0.1321,-0.0563,1.0
