component,eigenvalue,explained_variance_ratio,explained_variance_pct,cumulative_variance_ratio,cumulative_variance_pct
PC1,9.2639,0.6433,64.33,0.6433,64.33
PC2,1.6528,0.1148,11.48,0.7581,75.81
PC3,1.3787,0.0957,9.57,0.8538,85.38
PC4,0.8102,0.0563,5.63,0.9101,91.01
PC5,0.4594,0.0319,3.19,0.942,94.2
PC6,0.3119,0.0217,2.17,0.9637,96.37
PC7,0.1944,0.0135,1.35,0.9772,97.72
PC8,0.1523,0.0106,1.06,0.9877,98.77
PC9,0.0541,0.0038,0.38,0.9915,99.15
PC10,0.0481,0.0033,0.33,0.9948,99.48
PC11,0.0312,0.0022,0.22,0.997,99.7
PC12,0.0295,0.002,0.2,0.9991,99.91
PC13,0.0085,0.0006,0.06,0.9996,99.96
PC14,0.0051,0.0004,0.04,1.0,100.0
