state_name,total_cases,it_act_cases,motive_total,it_act_share,fraud_motive_share,extortion_motive_share,sexual_exploitation_motive_share,stage6_kmeans_cluster,kmeans_label,agglomerative_cluster,gmm_cluster,PCA1,PCA2
Andhra Pradesh,2341,362,2341,0.1546347714651858,0.569841947885519,0.05382315249893208,0.10209312259718069,0,Lower IT Act Share / Moderate Fraud Share Profile,3,0,-0.8859,0.8149
Arunachal Pradesh,24,17,24,0.7083333333333334,0.8333333333333334,0.0,0.0,1,Higher IT Act Share / Higher Fraud Share Profile,1,1,-1.3043,-1.1079
Assam,909,847,909,0.9317931793179318,0.15181518151815182,0.14521452145214522,0.06490649064906491,3,Higher Extortion Motive Share Profile,3,3,1.0558,1.7831
Bihar,4450,397,4450,0.08921348314606742,0.7689887640449439,0.03573033707865168,0.020898876404494383,0,Lower IT Act Share / Moderate Fraud Share Profile,1,0,-1.7124,0.4253
Chhattisgarh,473,310,473,0.6553911205073996,0.10359408033826638,0.006342494714587738,0.28752642706131076,0,Lower IT Act Share / Moderate Fraud Share Profile,0,1,1.1991,-0.2316
Goa,86,75,86,0.872093023255814,0.6976744186046512,0.023255813953488372,0.12790697674418605,1,Higher IT Act Share / Higher Fraud Share Profile,1,1,-0.3422,-0.9015
Gujarat,1995,476,1995,0.23859649122807017,0.5949874686716792,0.09172932330827067,0.042105263157894736,0,Lower IT Act Share / Moderate Fraud Share Profile,3,0,-0.9394,1.3362
Haryana,751,325,751,0.43275632490013316,0.39280958721704395,0.047936085219707054,0.15579227696404793,0,Lower IT Act Share / Moderate Fraud Share Profile,0,0,-0.0152,0.5056
Himachal Pradesh,127,101,127,0.7952755905511811,0.7086614173228346,0.023622047244094488,0.09448818897637795,1,Higher IT Act Share / Higher Fraud Share Profile,1,1,-0.5615,-0.7693
Jharkhand,1079,993,1079,0.9202965708989805,0.9518072289156626,0.012974976830398516,0.017608897126969416,1,Higher IT Act Share / Higher Fraud Share Profile,1,1,-1.2335,-1.3715
Karnataka,21889,21870,21889,0.9991319841016035,0.8498332495774134,0.01996436566311846,0.031157202247704328,1,Higher IT Act Share / Higher Fraud Share Profile,1,1,-0.8544,-1.2479
Kerala,3295,1089,3295,0.3305007587253414,0.5213960546282246,0.17905918057663125,0.15174506828528073,3,Higher Extortion Motive Share Profile,3,3,-0.0893,2.6262
Madhya Pradesh,685,267,685,0.3897810218978102,0.4846715328467153,0.024817518248175182,0.14890510948905109,0,Lower IT Act Share / Moderate Fraud Share Profile,0,0,-0.3514,0.0746
Maharashtra,8103,960,8103,0.11847463902258423,0.6528446254473652,0.015179563124768604,0.06590151795631248,0,Lower IT Act Share / Moderate Fraud Share Profile,1,0,-1.3294,0.1597
Manipur,3,2,3,0.6666666666666666,0.3333333333333333,0.0,0.3333333333333333,0,Lower IT Act Share / Moderate Fraud Share Profile,0,1,0.8321,-0.697
Meghalaya,64,62,64,0.96875,0.453125,0.046875,0.265625,1,Higher IT Act Share / Higher Fraud Share Profile,0,1,0.8175,-0.4586
Mizoram,31,31,31,1.0,0.7741935483870968,0.0,0.0,1,Higher IT Act Share / Higher Fraud Share Profile,1,1,-0.8376,-1.4464
Nagaland,2,2,2,1.0,0.5,0.0,0.0,1,Higher IT Act Share / Higher Fraud Share Profile,1,1,-0.2279,-1.0845
Odisha,2348,892,2348,0.3798977853492334,0.7137989778534923,0.0,0.0034071550255536627,0,Lower IT Act Share / Moderate Fraud Share Profile,1,0,-1.4052,-0.4841
Punjab,511,218,511,0.42661448140900193,0.5420743639921722,0.10371819960861056,0.14481409001956946,3,Higher Extortion Motive Share Profile,3,0,-0.2438,1.2381
Rajasthan,2435,1464,2435,0.6012320328542095,0.4525667351129363,0.05503080082135524,0.14989733059548255,0,Lower IT Act Share / Moderate Fraud Share Profile,0,0,0.0452,0.3073
Sikkim,12,12,12,1.0,0.25,0.08333333333333333,0.0,3,Higher Extortion Motive Share Profile,3,3,0.5455,0.606
Tamil Nadu,4121,1912,4121,0.4639650570249939,0.8971123513710264,0.011890317884008735,0.04392137830623635,1,Higher IT Act Share / Higher Fraud Share Profile,1,0,-1.5547,-0.6896
Telangana,18236,439,18236,0.024073261680193025,0.8087848212327264,0.00734810265409081,0.010693134459311252,0,Lower IT Act Share / Moderate Fraud Share Profile,1,0,-1.9828,0.0119
Tripura,36,36,36,1.0,0.4722222222222222,0.027777777777777776,0.3055555555555556,1,Higher IT Act Share / Higher Fraud Share Profile,0,1,0.8896,-0.8772
Uttar Pradesh,10794,10102,10794,0.9358903094311655,0.35306651843616826,0.09449694274596998,0.047619047619047616,3,Higher Extortion Motive Share Profile,3,3,0.425,0.6997
Uttarakhand,494,417,494,0.8441295546558705,0.3785425101214575,0.1417004048582996,0.20647773279352227,3,Higher Extortion Motive Share Profile,3,3,0.8973,1.4206
West Bengal,309,61,309,0.19741100323624594,0.038834951456310676,0.025889967637540454,0.038834951456310676,0,Lower IT Act Share / Moderate Fraud Share Profile,0,0,0.0674,1.0573
Andaman and Nicobar Islands,47,30,47,0.6382978723404256,0.46808510638297873,0.02127659574468085,0.19148936170212766,0,Lower IT Act Share / Moderate Fraud Share Profile,0,1,0.099,-0.3557
Chandigarh,23,17,23,0.7391304347826086,0.13043478260869565,0.13043478260869565,0.391304347826087,3,Higher Extortion Motive Share Profile,3,3,1.8936,1.5431
Dadra and Nagar Haveli and Daman and Diu,6,6,6,1.0,0.0,0.0,0.8333333333333334,2,High Sexual-Exploitation Share / Small-Denominator Profile,2,2,3.5654,-1.196
Delhi,407,128,407,0.3144963144963145,0.2800982800982801,0.029484029484029485,0.10319410319410319,0,Lower IT Act Share / Moderate Fraud Share Profile,0,0,-0.118,0.5707
Jammu and Kashmir,185,169,185,0.9135135135135135,0.6054054054054054,0.05945945945945946,0.24864864864864866,1,Higher IT Act Share / Higher Fraud Share Profile,0,1,0.3937,-0.3596
Ladakh,1,0,1,0.0,0.0,0.0,0.0,0,Lower IT Act Share / Moderate Fraud Share Profile,0,0,-0.2658,1.0039
Lakshadweep,1,1,1,1.0,0.0,0.0,1.0,2,High Sexual-Exploitation Share / Small-Denominator Profile,2,2,4.1017,-1.3503
Puducherry,147,147,147,1.0,0.8503401360544217,0.006802721088435374,0.1292517006802721,1,Higher IT Act Share / Higher Fraud Share Profile,1,1,-0.5732,-1.5555
