level_0_national,level_1_admin_type,state_name,level_3_state_id,is_ut
India,Union Territory (8),Andaman and Nicobar Islands,1,1
India,State (28),Andhra Pradesh,2,0
India,State (28),Arunachal Pradesh,3,0
India,State (28),Assam,4,0
India,State (28),Bihar,5,0
India,Union Territory (8),Chandigarh,6,1
India,State (28),Chhattisgarh,7,0
India,Union Territory (8),Dadra and Nagar Haveli and Daman and Diu,8,1
India,Union Territory (8),Delhi,9,1
India,State (28),Goa,10,0
India,State (28),Gujarat,11,0
India,State (28),Haryana,12,0
India,State (28),Himachal Pradesh,13,0
India,Union Territory (8),Jammu and Kashmir,14,1
India,State (28),Jharkhand,15,0
India,State (28),Karnataka,16,0
India,State (28),Kerala,17,0
India,Union Territory (8),Ladakh,18,1
India,Union Territory (8),Lakshadweep,19,1
India,State (28),Madhya Pradesh,20,0
India,State (28),Maharashtra,21,0
India,State (28),Manipur,22,0
India,State (28),Meghalaya,23,0
India,State (28),Mizoram,24,0
India,State (28),Nagaland,25,0
India,State (28),Odisha,26,0
India,Union Territory (8),Puducherry,27,1
India,State (28),Punjab,28,0
India,State (28),Rajasthan,29,0
India,State (28),Sikkim,30,0
India,State (28),Tamil Nadu,31,0
India,State (28),Telangana,32,0
India,State (28),Tripura,33,0
India,State (28),Uttar Pradesh,34,0
India,State (28),Uttarakhand,35,0
India,State (28),West Bengal,36,0
