category_id,category_display_name,act_group,parent_category,is_leaf,section_reference
1,Tampering Computer Source documents (Sec.65),IT Act,Offences under I.T. Act,1,Sec.65
2,Computer Related Offences - Computer Related Offences (Total),IT Act,Offences under I.T. Act,0,
3,Computer Related Offences - A) Computer Related Offences (Sec.66) (Total),IT Act,Offences under I.T. Act,0,Sec.66
4,Computer Related Offences - Computer Related Offences (Sec.66) - a1) Ransom-ware,IT Act,Offences under I.T. Act,1,Sec.66
5,Computer Related Offences - Computer Related Offences (Sec.66) - a2) Offences other than Ransom-ware,IT Act,Offences under I.T. Act,1,Sec.66
6,Computer Related Offences - B) Dishonesty receiving stolen computer resource or communication device (Sec.66B),IT Act,Offences under I.T. Act,1,Sec.66B
7,Computer Related Offences - C) Identity Theft (Sec.66C),IT Act,Offences under I.T. Act,1,Sec.66C
8,Computer Related Offences - D) Cheating by personation by using computer resource (Sec.66D),IT Act,Offences under I.T. Act,1,Sec.66D
9,Computer Related Offences - E) Violation of Privacy (Sec.66E),IT Act,Offences under I.T. Act,1,Sec.66E
10,Cyber Terrorism (Sec.66 F),IT Act,Offences under I.T. Act,1,Sec.66 F
11,Publication/ transmission of obscene / sexually explicit act in electronic form (Sec. 67) - Publication/ transmission of obscene / sexually explicit act in electronic form (Total),IT Act,Offences under I.T. Act,0,Sec. 67
12,Publication/ transmission of obscene / sexually explicit act in electronic form (Sec. 67) - A) Publishing or transmitting obscene material in Electronic Form,IT Act,Offences under I.T. Act,1,Sec. 67
13,Publication/transmission of obscene / sexually explicit act in electronic form (Sec. 67) - B) Publishing or transmitting of material containing Sexually explicit act in electronic form (Sec.67A),IT Act,Offences under I.T. Act,1,Sec. 67
14,Publication/transmission of obscene / sexually explicit act in electronic form (Sec. 67) - C) Publishing or transmitting of material depicting children in Sexually explicit act in electronic form (Sec.67B),IT Act,Offences under I.T. Act,1,Sec. 67
15,Publication/transmission of obscene / sexually explicit act in electronic form (Sec. 67) - D) Preservation and retention of information by intermediaries (Sec.67C),IT Act,Offences under I.T. Act,1,Sec. 67
16,Publication/transmission of obscene / sexually explicit act in electronic form (Sec. 67) - E) Other sub-sections of Sec. 67 IT Act,IT Act,Offences under I.T. Act,1,Sec. 67
17,Interception or Monitoring or decryption of Information (Sec.69),IT Act,Offences under I.T. Act,1,Sec.69
18,Un-authorized access/attempt to access to protected computer system (Sec.70),IT Act,Offences under I.T. Act,1,Sec.70
19,Abetment to Commit Offences (Sec.84 B),IT Act,Offences under I.T. Act,1,Sec.84 B
20,Attempt to Commit Offences (Sec.84C),IT Act,Offences under I.T. Act,1,Sec.84C
21,Other Sections of IT Act,IT Act,Offences under I.T. Act,1,
22,Total Offences under I.T. Act,IT Act,Offences under I.T. Act,0,
23,Abetment of Suicide (Online) (Sec.305/306 IPC),IPC,IPC Crimes,1,Sec.305/306 IPC
24,Cyber Stalking/ Bullying of Women/ Children (Sec.354D IPC),IPC,IPC Crimes,1,Sec.354D IPC
25,Data theft (Sec.379 to 381),IPC,IPC Crimes,1,Sec.379 to 381
26,"Fraud (Sec.420 r/w Sec.465, 468- 471 IPC) - Fraud (Sec.420 r/w Sec.465,468- 471 IPC) (Total)",IPC,IPC Crimes,0,"Sec.420 r/w Sec.465, 468- 471 IPC"
27,"Fraud (Sec.420 r/w Sec.465, 468- 471 IPC) - A) Credit Card/Debit Card",IPC,IPC Crimes,1,"Sec.420 r/w Sec.465, 468- 471 IPC"
28,"Fraud (Sec.420 r/w Sec.465, 468- 471 IPC) - B) ATMs",IPC,IPC Crimes,1,"Sec.420 r/w Sec.465, 468- 471 IPC"
29,"Fraud (Sec.420 r/w Sec.465, 468- 471 IPC) - C) Online Banking Fraud",IPC,IPC Crimes,1,"Sec.420 r/w Sec.465, 468- 471 IPC"
30,"Fraud (Sec.420 r/w Sec.465, 468- 471 IPC) - D) OTP Frauds",IPC,IPC Crimes,1,"Sec.420 r/w Sec.465, 468- 471 IPC"
31,"Fraud (Sec.420 r/w Sec.465, 468- 471 IPC) - E) Others",IPC,IPC Crimes,1,"Sec.420 r/w Sec.465, 468- 471 IPC"
32,Cheating (Sec.420 IPC),IPC,IPC Crimes,1,Sec.420 IPC
33,"Forgery (Sec.465, 468 and 471)",IPC,IPC Crimes,1,"Sec.465, 468 and 471"
34,Defamation/ Morphing (Sec.469 IPC r/w IPC and Indecent representation of women Act),IPC,IPC Crimes,1,Sec.469 IPC r/w IPC and Indecent representation of women Act
35,Fake Profile (r/w IPC/SLL),IPC,IPC Crimes,1,
36,Counterfeiting - Counterfeiting (Total),IPC,IPC Crimes,0,
37,Counterfeiting - A) Currency (Sec.489A to 489E),IPC,IPC Crimes,1,Sec.489A to 489E
38,CounterfeitingB) Stamps (Sec.255),IPC,IPC Crimes,1,Sec.255
39,"Cyber Blackmailing/ Threatening (Sec.506,503,384 IPC)",IPC,IPC Crimes,1,"Sec.506,503,384 IPC"
40,Fake News on Social Media (Sec.505),IPC,IPC Crimes,1,Sec.505
41,Other Offences (r/w IT Act),IPC,IPC Crimes,1,
42,Total Offences under IPC,IPC,IPC Crimes,0,
43,Gambling Act (Online Gambling),SLL,Offences under SLL,1,
44,Lotteries Act (Online Lotteries),SLL,Offences under SLL,1,
45,"Copy Right Act, 1957",SLL,Offences under SLL,1,
46,"Trade Marks Act, 1999",SLL,Offences under SLL,1,
47,Other SLL Crimes,SLL,Offences under SLL,1,
48,Total Offences under SLL,SLL,Offences under SLL,0,
49,Total Cyber Crimes (Grand Total),Grand Total,,0,
