state_id,state_name,is_ut,total_cases,reported_grand_total,it_act_cases,it_act_share_pct,ipc_cases,ipc_share_pct,sll_cases,sll_share_pct,total_motives_reported,national_rank,motive_fraud,fraud_motive_share,women_cases_total,child_cases_total
16,Karnataka,0,21889,21889,21870,99.91,18,0.08,1,0.0,21889,1,18602,0.8498332495774134,7002,363
32,Telangana,0,18236,18236,439,2.41,17787,97.54,10,0.05,18236,2,14749,0.8087848212327264,1447,36
34,Uttar Pradesh,0,10794,10794,10102,93.59,689,6.38,3,0.03,10794,3,3811,0.3530665184361682,1463,34
21,Maharashtra,0,8103,8103,960,11.85,7131,88.0,12,0.15,8103,4,5290,0.6528446254473652,2502,31
5,Bihar,0,4450,4450,397,8.92,4052,91.06,1,0.02,4450,5,3422,0.7689887640449439,644,10
31,Tamil Nadu,0,4121,4121,1912,46.4,2195,53.26,14,0.34,4121,6,3697,0.8971123513710264,1062,19
17,Kerala,0,3295,3295,1089,33.05,2110,64.04,96,2.91,3295,7,1718,0.5213960546282246,822,443
29,Rajasthan,0,2435,2435,1464,60.12,953,39.14,18,0.74,2435,8,1102,0.4525667351129363,521,306
26,Odisha,0,2348,2348,892,37.99,1393,59.33,63,2.68,2348,9,1676,0.7137989778534923,761,69
2,Andhra Pradesh,0,2341,2341,362,15.46,1978,84.49,1,0.04,2341,10,1334,0.569841947885519,559,83
11,Gujarat,0,1995,1995,476,23.86,1504,75.39,15,0.75,1995,11,1187,0.5949874686716792,453,39
15,Jharkhand,0,1079,1079,993,92.03,86,7.97,0,0.0,1079,12,1027,0.9518072289156626,20,0
4,Assam,0,909,909,847,93.18,62,6.82,0,0.0,909,13,138,0.1518151815181518,469,40
12,Haryana,0,751,751,325,43.28,404,53.79,22,2.93,751,14,295,0.3928095872170439,382,36
20,Madhya Pradesh,0,685,685,267,38.98,413,60.29,5,0.73,685,15,332,0.4846715328467153,313,43
28,Punjab,0,511,511,218,42.66,283,55.38,10,1.96,511,16,277,0.5420743639921722,127,14
35,Uttarakhand,0,494,494,417,84.41,77,15.59,0,0.0,494,17,187,0.3785425101214575,144,64
7,Chhattisgarh,0,473,473,310,65.54,111,23.47,52,10.99,473,18,49,0.1035940803382663,242,193
9,Delhi,1,407,407,128,31.45,279,68.55,0,0.0,407,19,114,0.2800982800982801,135,15
36,West Bengal,0,309,309,61,19.74,246,79.61,2,0.65,309,20,12,0.0388349514563106,176,3
14,Jammu and Kashmir,1,185,185,169,91.35,8,4.32,8,4.32,185,21,112,0.6054054054054054,68,3
27,Puducherry,1,147,147,147,100.0,0,0.0,0,0.0,147,22,125,0.8503401360544217,10,3
13,Himachal Pradesh,0,127,127,101,79.53,26,20.47,0,0.0,127,23,90,0.7086614173228346,40,4
10,Goa,0,86,86,75,87.21,11,12.79,0,0.0,86,24,60,0.6976744186046512,28,10
23,Meghalaya,0,64,64,62,96.88,2,3.13,0,0.0,64,25,29,0.453125,29,7
1,Andaman and Nicobar Islands,1,47,47,30,63.83,17,36.17,0,0.0,47,26,22,0.4680851063829787,37,23
33,Tripura,0,36,36,36,100.0,0,0.0,0,0.0,36,27,17,0.4722222222222222,14,1
24,Mizoram,0,31,31,31,100.0,0,0.0,0,0.0,31,28,24,0.7741935483870968,0,4
3,Arunachal Pradesh,0,24,24,17,70.83,7,29.17,0,0.0,24,29,20,0.8333333333333334,4,0
6,Chandigarh,1,23,23,17,73.91,6,26.09,0,0.0,23,30,3,0.1304347826086956,17,5
30,Sikkim,0,12,12,12,100.0,0,0.0,0,0.0,12,31,3,0.25,8,0
8,Dadra and Nagar Haveli and Daman and Diu,1,6,6,6,100.0,0,0.0,0,0.0,6,32,0,0.0,3,0
22,Manipur,0,3,3,2,66.67,1,33.33,0,0.0,3,33,1,0.3333333333333333,6,0
25,Nagaland,0,2,2,2,100.0,0,0.0,0,0.0,2,34,1,0.5,1,1
18,Ladakh,1,1,1,0,0.0,0,0.0,1,100.0,1,35,0,0.0,0,0
19,Lakshadweep,1,1,1,1,100.0,0,0.0,0,0.0,1,35,0,0.0,1,0
