state_id,state_name,is_ut,year,cases,prev_year_cases,yoy_case_change,yoy_growth_pct
1,Andaman and Nicobar Islands,1,2018,7.0,,,
1,Andaman and Nicobar Islands,1,2019,2.0,7.0,-5.0,-71.43
1,Andaman and Nicobar Islands,1,2020,5.0,2.0,3.0,150.0
1,Andaman and Nicobar Islands,1,2021,8.0,5.0,3.0,60.0
1,Andaman and Nicobar Islands,1,2022,28.0,8.0,20.0,250.0
2,Andhra Pradesh,0,2018,1207.0,,,
2,Andhra Pradesh,0,2019,1886.0,1207.0,679.0,56.26
2,Andhra Pradesh,0,2020,1899.0,1886.0,13.0,0.69
2,Andhra Pradesh,0,2021,1875.0,1899.0,-24.0,-1.26
2,Andhra Pradesh,0,2022,2341.0,1875.0,466.0,24.85
3,Arunachal Pradesh,0,2018,7.0,,,
3,Arunachal Pradesh,0,2019,8.0,7.0,1.0,14.29
3,Arunachal Pradesh,0,2020,30.0,8.0,22.0,275.0
3,Arunachal Pradesh,0,2021,47.0,30.0,17.0,56.67
3,Arunachal Pradesh,0,2022,14.0,47.0,-33.0,-70.21
4,Assam,0,2018,2022.0,,,
4,Assam,0,2019,2231.0,2022.0,209.0,10.34
4,Assam,0,2020,3530.0,2231.0,1299.0,58.23
4,Assam,0,2021,4846.0,3530.0,1316.0,37.28
4,Assam,0,2022,1733.0,4846.0,-3113.0,-64.24
5,Bihar,0,2018,374.0,,,
5,Bihar,0,2019,1050.0,374.0,676.0,180.75
5,Bihar,0,2020,1512.0,1050.0,462.0,44.0
5,Bihar,0,2021,1413.0,1512.0,-99.0,-6.55
5,Bihar,0,2022,1621.0,1413.0,208.0,14.72
6,Chandigarh,1,2018,30.0,,,
6,Chandigarh,1,2019,23.0,30.0,-7.0,-23.33
6,Chandigarh,1,2020,17.0,23.0,-6.0,-26.09
6,Chandigarh,1,2021,15.0,17.0,-2.0,-11.76
6,Chandigarh,1,2022,27.0,15.0,12.0,80.0
7,Chhattisgarh,0,2018,139.0,,,
7,Chhattisgarh,0,2019,175.0,139.0,36.0,25.9
7,Chhattisgarh,0,2020,297.0,175.0,122.0,69.71
7,Chhattisgarh,0,2021,352.0,297.0,55.0,18.52
7,Chhattisgarh,0,2022,439.0,352.0,87.0,24.72
8,Dadra and Nagar Haveli and Daman and Diu,1,2018,0.0,,,
8,Dadra and Nagar Haveli and Daman and Diu,1,2019,3.0,0.0,3.0,
8,Dadra and Nagar Haveli and Daman and Diu,1,2020,3.0,3.0,0.0,0.0
8,Dadra and Nagar Haveli and Daman and Diu,1,2021,5.0,3.0,2.0,66.67
8,Dadra and Nagar Haveli and Daman and Diu,1,2022,5.0,5.0,0.0,0.0
9,Delhi,1,2018,189.0,,,
9,Delhi,1,2019,115.0,189.0,-74.0,-39.15
9,Delhi,1,2020,168.0,115.0,53.0,46.09
9,Delhi,1,2021,356.0,168.0,188.0,111.9
9,Delhi,1,2022,685.0,356.0,329.0,92.42
10,Goa,0,2018,29.0,,,
10,Goa,0,2019,15.0,29.0,-14.0,-48.28
10,Goa,0,2020,40.0,15.0,25.0,166.67
10,Goa,0,2021,36.0,40.0,-4.0,-10.0
10,Goa,0,2022,90.0,36.0,54.0,150.0
11,Gujarat,0,2018,702.0,,,
11,Gujarat,0,2019,784.0,702.0,82.0,11.68
11,Gujarat,0,2020,1283.0,784.0,499.0,63.65
11,Gujarat,0,2021,1536.0,1283.0,253.0,19.72
11,Gujarat,0,2022,1417.0,1536.0,-119.0,-7.75
12,Haryana,0,2018,418.0,,,
12,Haryana,0,2019,564.0,418.0,146.0,34.93
12,Haryana,0,2020,656.0,564.0,92.0,16.31
12,Haryana,0,2021,622.0,656.0,-34.0,-5.18
12,Haryana,0,2022,681.0,622.0,59.0,9.49
13,Himachal Pradesh,0,2018,69.0,,,
13,Himachal Pradesh,0,2019,76.0,69.0,7.0,10.14
13,Himachal Pradesh,0,2020,98.0,76.0,22.0,28.95
13,Himachal Pradesh,0,2021,70.0,98.0,-28.0,-28.57
13,Himachal Pradesh,0,2022,77.0,70.0,7.0,10.0
14,Jammu and Kashmir,1,2018,73.0,,,
14,Jammu and Kashmir,1,2019,73.0,73.0,0.0,0.0
14,Jammu and Kashmir,1,2020,120.0,73.0,47.0,64.38
14,Jammu and Kashmir,1,2021,154.0,120.0,34.0,28.33
14,Jammu and Kashmir,1,2022,173.0,154.0,19.0,12.34
15,Jharkhand,0,2018,930.0,,,
15,Jharkhand,0,2019,1095.0,930.0,165.0,17.74
15,Jharkhand,0,2020,1204.0,1095.0,109.0,9.95
15,Jharkhand,0,2021,953.0,1204.0,-251.0,-20.85
15,Jharkhand,0,2022,967.0,953.0,14.0,1.47
16,Karnataka,0,2018,5839.0,,,
16,Karnataka,0,2019,12020.0,5839.0,6181.0,105.86
16,Karnataka,0,2020,10741.0,12020.0,-1279.0,-10.64
16,Karnataka,0,2021,8136.0,10741.0,-2605.0,-24.25
16,Karnataka,0,2022,12556.0,8136.0,4420.0,54.33
17,Kerala,0,2018,340.0,,,
17,Kerala,0,2019,307.0,340.0,-33.0,-9.71
17,Kerala,0,2020,426.0,307.0,119.0,38.76
17,Kerala,0,2021,626.0,426.0,200.0,46.95
17,Kerala,0,2022,773.0,626.0,147.0,23.48
18,Ladakh,1,2018,,,,
18,Ladakh,1,2019,,,,
18,Ladakh,1,2020,1.0,,,
18,Ladakh,1,2021,5.0,1.0,4.0,400.0
18,Ladakh,1,2022,3.0,5.0,-2.0,-40.0
19,Lakshadweep,1,2018,4.0,,,
19,Lakshadweep,1,2019,4.0,4.0,0.0,0.0
19,Lakshadweep,1,2020,3.0,4.0,-1.0,-25.0
19,Lakshadweep,1,2021,1.0,3.0,-2.0,-66.67
19,Lakshadweep,1,2022,1.0,1.0,0.0,0.0
20,Madhya Pradesh,0,2018,740.0,,,
20,Madhya Pradesh,0,2019,602.0,740.0,-138.0,-18.65
20,Madhya Pradesh,0,2020,699.0,602.0,97.0,16.11
20,Madhya Pradesh,0,2021,589.0,699.0,-110.0,-15.74
20,Madhya Pradesh,0,2022,826.0,589.0,237.0,40.24
21,Maharashtra,0,2018,3511.0,,,
21,Maharashtra,0,2019,4967.0,3511.0,1456.0,41.47
21,Maharashtra,0,2020,5496.0,4967.0,529.0,10.65
21,Maharashtra,0,2021,5562.0,5496.0,66.0,1.2
21,Maharashtra,0,2022,8249.0,5562.0,2687.0,48.31
22,Manipur,0,2018,29.0,,,
22,Manipur,0,2019,4.0,29.0,-25.0,-86.21
22,Manipur,0,2020,79.0,4.0,75.0,1875.0
22,Manipur,0,2021,67.0,79.0,-12.0,-15.19
22,Manipur,0,2022,18.0,67.0,-49.0,-73.13
23,Meghalaya,0,2018,74.0,,,
23,Meghalaya,0,2019,89.0,74.0,15.0,20.27
23,Meghalaya,0,2020,142.0,89.0,53.0,59.55
23,Meghalaya,0,2021,107.0,142.0,-35.0,-24.65
23,Meghalaya,0,2022,75.0,107.0,-32.0,-29.91
24,Mizoram,0,2018,6.0,,,
24,Mizoram,0,2019,8.0,6.0,2.0,33.33
24,Mizoram,0,2020,13.0,8.0,5.0,62.5
24,Mizoram,0,2021,30.0,13.0,17.0,130.77
24,Mizoram,0,2022,1.0,30.0,-29.0,-96.67
25,Nagaland,0,2018,2.0,,,
25,Nagaland,0,2019,2.0,2.0,0.0,0.0
25,Nagaland,0,2020,8.0,2.0,6.0,300.0
25,Nagaland,0,2021,8.0,8.0,0.0,0.0
25,Nagaland,0,2022,4.0,8.0,-4.0,-50.0
26,Odisha,0,2018,843.0,,,
26,Odisha,0,2019,1485.0,843.0,642.0,76.16
26,Odisha,0,2020,1931.0,1485.0,446.0,30.03
26,Odisha,0,2021,2037.0,1931.0,106.0,5.49
26,Odisha,0,2022,1983.0,2037.0,-54.0,-2.65
27,Puducherry,1,2018,14.0,,,
27,Puducherry,1,2019,4.0,14.0,-10.0,-71.43
27,Puducherry,1,2020,10.0,4.0,6.0,150.0
27,Puducherry,1,2021,0.0,10.0,-10.0,-100.0
27,Puducherry,1,2022,64.0,0.0,64.0,
28,Punjab,0,2018,239.0,,,
28,Punjab,0,2019,243.0,239.0,4.0,1.67
28,Punjab,0,2020,378.0,243.0,135.0,55.56
28,Punjab,0,2021,551.0,378.0,173.0,45.77
28,Punjab,0,2022,697.0,551.0,146.0,26.5
29,Rajasthan,0,2018,1104.0,,,
29,Rajasthan,0,2019,1762.0,1104.0,658.0,59.6
29,Rajasthan,0,2020,1354.0,1762.0,-408.0,-23.16
29,Rajasthan,0,2021,1504.0,1354.0,150.0,11.08
29,Rajasthan,0,2022,1833.0,1504.0,329.0,21.88
30,Sikkim,0,2018,1.0,,,
30,Sikkim,0,2019,2.0,1.0,1.0,100.0
30,Sikkim,0,2020,0.0,2.0,-2.0,-100.0
30,Sikkim,0,2021,0.0,0.0,0.0,
30,Sikkim,0,2022,26.0,0.0,26.0,
31,Tamil Nadu,0,2018,295.0,,,
31,Tamil Nadu,0,2019,385.0,295.0,90.0,30.51
31,Tamil Nadu,0,2020,782.0,385.0,397.0,103.12
31,Tamil Nadu,0,2021,1076.0,782.0,294.0,37.6
31,Tamil Nadu,0,2022,2082.0,1076.0,1006.0,93.49
32,Telangana,0,2018,1205.0,,,
32,Telangana,0,2019,2691.0,1205.0,1486.0,123.32
32,Telangana,0,2020,5024.0,2691.0,2333.0,86.7
32,Telangana,0,2021,10303.0,5024.0,5279.0,105.08
32,Telangana,0,2022,15297.0,10303.0,4994.0,48.47
33,Tripura,0,2018,20.0,,,
33,Tripura,0,2019,20.0,20.0,0.0,0.0
33,Tripura,0,2020,34.0,20.0,14.0,70.0
33,Tripura,0,2021,24.0,34.0,-10.0,-29.41
33,Tripura,0,2022,30.0,24.0,6.0,25.0
34,Uttar Pradesh,0,2018,6280.0,,,
34,Uttar Pradesh,0,2019,11416.0,6280.0,5136.0,81.78
34,Uttar Pradesh,0,2020,11097.0,11416.0,-319.0,-2.79
34,Uttar Pradesh,0,2021,8829.0,11097.0,-2268.0,-20.44
34,Uttar Pradesh,0,2022,10117.0,8829.0,1288.0,14.59
35,Uttarakhand,0,2018,171.0,,,
35,Uttarakhand,0,2019,100.0,171.0,-71.0,-41.52
35,Uttarakhand,0,2020,243.0,100.0,143.0,143.0
35,Uttarakhand,0,2021,718.0,243.0,475.0,195.47
35,Uttarakhand,0,2022,559.0,718.0,-159.0,-22.14
36,West Bengal,0,2018,335.0,,,
36,West Bengal,0,2019,524.0,335.0,189.0,56.42
36,West Bengal,0,2020,712.0,524.0,188.0,35.88
36,West Bengal,0,2021,513.0,712.0,-199.0,-27.95
36,West Bengal,0,2022,401.0,513.0,-112.0,-21.83
