State/UT,cat__A. Offences under I.T. Act - Tampering Computer Source documents (Sec.65),cat__A. Offences under I.T. Act - Computer Related Offences - Computer Related Offences (Total),cat__A. Offences under I.T. Act - Computer Related Offences - A) Computer Related Offences (Sec.66) (Total) -,cat__A. Offences under I.T. Act - Computer Related Offences - Computer Related Offences (Sec.66) - a1) Ransom-ware,cat__A. Offences under I.T. Act - Computer Related Offences - Computer Related Offences (Sec.66) - a2) Offences other than Ransom-ware,cat__A. Offences under I.T. Act - Computer Related Offences - B) Dishonesty receiving stolen computer resource or communication device (Sec.66B),cat__A. Offences under I.T. Act - Computer Related Offences - C) Identity Theft (Sec.66C),cat__A. Offences under I.T. Act - Computer Related Offences - D) Cheating by personation by using computer resource (Sec.66D) -,cat__A. Offences under I.T. Act - Computer Related Offences - E) Violation of Privacy (Sec.66E) -,cat__A. Offences under I.T. Act - Cyber Terrorism (Sec.66 F),cat__A. Offences under I.T. Act - Publication/ transmission of obscene / sexually explicit act in electronic form (Sec. 67) - Publication/ transmission of obscene / sexually explicit act in electronic form (Total),cat__A. Offences under I.T. Act - Publication/ transmission of obscene / sexually explicit act in electronic form (Sec. 67) - A) Publishing or transmitting obscene material in Electronic Form,cat__A. Offences under I.T. Act - Publication/transmission of obscene / sexually explicit act in electronic form (Sec. 67) - B) Publishing or transmitting of material containing Sexually explicit act in electronic form (Sec.67A),cat__A. Offences under I.T. Act - Publication/transmission of obscene / sexually explicit act in electronic form (Sec. 67) - C) Publishing or transmitting of material depicting children in Sexually explicit act in electronic form (Sec.67B),cat__A. Offences under I.T. Act - Publication/transmission of obscene / sexually explicit act in electronic form (Sec. 67) - D) Preservation and retention of information by intermediaries (Sec.67C),cat__A. Offences under I.T. Act - Publication/transmission of obscene / sexually explicit act in electronic form (Sec. 67) - E) Other sub-sections of Sec. 67 IT Act,cat__A. Offences under I.T. Act - Interception or Monitoring or decryption of Information (Sec.69),cat__A. Offences under I.T. Act - Un-authorized access/attempt to access to protected computer system (Sec.70),cat__A. Offences under I.T. Act - Abetment to Commit Offences (Sec.84 B),cat__A. Offences under I.T. Act - Attempt to Commit Offences (Sec.84C),cat__A. Offences under I.T. Act - Other Sections of IT Act,cat__Total Offences under I.T. Act,cat__B. IPC Crimes(Involving Communication Devices as Medium/Target or r/w IT Act) - Abetment of Suicide (Online) (Sec.305/306 IPC),cat__Cyber Stalking/ Bullying of Women/ Children (Sec.354D IPC),cat__Data theft (Sec.379 to 381),"cat__Fraud (Sec.420 r/w Sec.465, 468- 471 IPC) - Fraud (Sec.420 r/w Sec.465,468- 471 IPC) (Total)","cat__Fraud (Sec.420 r/w Sec.465, 468- 471 IPC) - A) Credit Card/Debit Card","cat__B. IPC Crimes(Involving Communication Devices as Medium/Target or r/w IT Act) - Fraud (Sec.420 r/w Sec.465, 468- 471 IPC) - B) ATMs","cat__B. IPC Crimes(Involving Communication Devices as Medium/Target or r/w IT Act) - Fraud (Sec.420 r/w Sec.465, 468- 471 IPC) - C) Online Banking Fraud","cat__B. IPC Crimes(Involving Communication Devices as Medium/Target or r/w IT Act) - Fraud (Sec.420 r/w Sec.465, 468- 471 IPC) - D) OTP Frauds","cat__B. IPC Crimes(Involving Communication Devices as Medium/Target or r/w IT Act) - Fraud (Sec.420 r/w Sec.465, 468- 471 IPC) - E) Others",cat__B. IPC Crimes(Involving Communication Devices as Medium/Target or r/w IT Act) - Cheating (Sec.420 IPC),"cat__B. IPC Crimes(Involving Communication Devices as Medium/Target or r/w IT Act) - Forgery (Sec.465, 468 and 471)",cat__B. IPC Crimes(Involving Communication Devices as Medium/Target or r/w IT Act) - Defamation/ Morphing (Sec.469 IPC r/w IPC and Indecent representation of women Act),cat__B. IPC Crimes(Involving Communication Devices as Medium/Target or r/w IT Act) - Fake Profile (r/w IPC/SLL),cat__B. IPC Crimes(Involving Communication Devices as Medium/Target or r/w IT Act) - Counterfeiting - Counterfeiting (Total),cat__B. IPC Crimes(Involving Communication Devices as Medium/Target or r/w IT Act) - Counterfeiting - A) Currency (Sec.489A to 489E),cat__B. IPC Crimes(Involving Communication Devices as Medium/Target or r/w IT Act) - CounterfeitingB) Stamps (Sec.255),"cat__B. IPC Crimes(Involving Communication Devices as Medium/Target or r/w IT Act) - Cyber Blackmailing/ Threatening (Sec.506,503,384 IPC)",cat__B. IPC Crimes(Involving Communication Devices as Medium/Target or r/w IT Act) - Fake News on Social Media (Sec.505),cat__B. IPC Crimes(Involving Communication Devices as Medium/Target or r/w IT Act) - Other Offences (r/w IT Act),cat__Total Offences under IPC,cat__C. Offences under SLL (Involving Communication Devices as Medium/ Target) r/w IT Act - Gambling Act (Online Gambling),cat__C. Offences under SLL (Involving Communication Devices as Medium/ Target) r/w IT Act - Lotteries Act (Online Lotteries),"cat__C. Offences under SLL (Involving Communication Devices as Medium/ Target) r/w IT Act - Copy Right Act, 1957","cat__C. Offences under SLL (Involving Communication Devices as Medium/ Target) r/w IT Act - Trade Marks Act, 1999",cat__C. Offences under SLL (Involving Communication Devices as Medium/ Target) r/w IT ActOther SLL Crimes,cat__Total Offences under SLL,cat__Total Cyber Crimes (IT Act + IPC r/w IT Act + SLL r/w IT Act),motive__Personal Revenge,motive__Emotional motives like Anger etc,motive__Fraud,motive__Extortion,motive__Causing Disrepute,motive__Prank,motive__Sexual Exploitation,motive__Political Motives,motive__Terrorist Activities,motive__Inciting Hate against Country,motive__Disrupt Public Service,motive__Sale Purchase illegal drugs,motive__Developing own business,motive__Spreading Piracy,motive__Psycho or Pervert,motive__Steal Information,motive__Abetment to Suicide,motive__Others,motive__Total,"women__Cyber Blackmailing/ Threatening (Sec.506, 503, 384 IPC r/w IT Act)",women__Cyber Pornography/ Hosting/ Publishing Obscene Sexual Materials (Sec.67A/67B(Girl Child) of IT act r/w other IPC/SLL),women__Cyber Stalking/ Cyber Bullying of Women (Sec.354D IPC r/w IT Act),women__Defamation/ Morphing (Sec.469 IPC r/w IPC and Indecent Rep. of Women (P) Act and IT Act),women__Fake Profile (IT Act r/w IPC/SLL),women__Other Crimes against Women,women__Total Cyber Crimes against Women,"child__Cyber Blackmailing/ Threatening/ Harassment (Sec.506,503, 384 IPC r/w IT Act",child__Fake Profile (IT Act r/w IPC/SLL),child__Cyber Pornography/ Hosting or Publishing Obscene Sexual Materials depicting children (Sec.67B of IT Act r/w other IPC/SLL),child__Cyber Stalking/ Bullying (Sec.354D IPC r/w IT Act),child__Internet Crimes through Online Games etc. (Sec.305 IPC r/w IT Act),child__Other Cyber Crimes against Children,child__Total Cyber Crimes against Children,log_total_cybercrime,log__cat__A. Offences under I.T. Act - Tampering Computer Source documents (Sec.65),log__cat__A. Offences under I.T. Act - Computer Related Offences - Computer Related Offences (Sec.66) - a1) Ransom-ware,log__cat__A. Offences under I.T. Act - Computer Related Offences - Computer Related Offences (Sec.66) - a2) Offences other than Ransom-ware,log__cat__A. Offences under I.T. Act - Computer Related Offences - B) Dishonesty receiving stolen computer resource or communication device (Sec.66B),log__cat__A. Offences under I.T. Act - Computer Related Offences - C) Identity Theft (Sec.66C),log__cat__A. Offences under I.T. Act - Computer Related Offences - D) Cheating by personation by using computer resource (Sec.66D) -,log__cat__A. Offences under I.T. Act - Computer Related Offences - E) Violation of Privacy (Sec.66E) -,log__cat__A. Offences under I.T. Act - Cyber Terrorism (Sec.66 F),log__cat__A. Offences under I.T. Act - Publication/ transmission of obscene / sexually explicit act in electronic form (Sec. 67) - A) Publishing or transmitting obscene material in Electronic Form,log__cat__A. Offences under I.T. Act - Publication/transmission of obscene / sexually explicit act in electronic form (Sec. 67) - B) Publishing or transmitting of material containing Sexually explicit act in electronic form (Sec.67A),log__cat__A. Offences under I.T. Act - Publication/transmission of obscene / sexually explicit act in electronic form (Sec. 67) - C) Publishing or transmitting of material depicting children in Sexually explicit act in electronic form (Sec.67B),log__cat__A. Offences under I.T. Act - Publication/transmission of obscene / sexually explicit act in electronic form (Sec. 67) - D) Preservation and retention of information by intermediaries (Sec.67C),log__cat__A. Offences under I.T. Act - Publication/transmission of obscene / sexually explicit act in electronic form (Sec. 67) - E) Other sub-sections of Sec. 67 IT Act,log__cat__A. Offences under I.T. Act - Interception or Monitoring or decryption of Information (Sec.69),log__cat__A. Offences under I.T. Act - Un-authorized access/attempt to access to protected computer system (Sec.70),log__cat__A. Offences under I.T. Act - Abetment to Commit Offences (Sec.84 B),log__cat__A. Offences under I.T. Act - Attempt to Commit Offences (Sec.84C),log__cat__A. Offences under I.T. Act - Other Sections of IT Act,log__cat__B. IPC Crimes(Involving Communication Devices as Medium/Target or r/w IT Act) - Abetment of Suicide (Online) (Sec.305/306 IPC),log__cat__Cyber Stalking/ Bullying of Women/ Children (Sec.354D IPC),log__cat__Data theft (Sec.379 to 381),"log__cat__Fraud (Sec.420 r/w Sec.465, 468- 471 IPC) - A) Credit Card/Debit Card","log__cat__B. IPC Crimes(Involving Communication Devices as Medium/Target or r/w IT Act) - Fraud (Sec.420 r/w Sec.465, 468- 471 IPC) - B) ATMs","log__cat__B. IPC Crimes(Involving Communication Devices as Medium/Target or r/w IT Act) - Fraud (Sec.420 r/w Sec.465, 468- 471 IPC) - C) Online Banking Fraud","log__cat__B. IPC Crimes(Involving Communication Devices as Medium/Target or r/w IT Act) - Fraud (Sec.420 r/w Sec.465, 468- 471 IPC) - D) OTP Frauds","log__cat__B. IPC Crimes(Involving Communication Devices as Medium/Target or r/w IT Act) - Fraud (Sec.420 r/w Sec.465, 468- 471 IPC) - E) Others",log__cat__B. IPC Crimes(Involving Communication Devices as Medium/Target or r/w IT Act) - Cheating (Sec.420 IPC),"log__cat__B. IPC Crimes(Involving Communication Devices as Medium/Target or r/w IT Act) - Forgery (Sec.465, 468 and 471)",log__cat__B. IPC Crimes(Involving Communication Devices as Medium/Target or r/w IT Act) - Defamation/ Morphing (Sec.469 IPC r/w IPC and Indecent representation of women Act),log__cat__B. IPC Crimes(Involving Communication Devices as Medium/Target or r/w IT Act) - Fake Profile (r/w IPC/SLL),log__cat__B. IPC Crimes(Involving Communication Devices as Medium/Target or r/w IT Act) - Counterfeiting - A) Currency (Sec.489A to 489E),log__cat__B. IPC Crimes(Involving Communication Devices as Medium/Target or r/w IT Act) - CounterfeitingB) Stamps (Sec.255),"log__cat__B. IPC Crimes(Involving Communication Devices as Medium/Target or r/w IT Act) - Cyber Blackmailing/ Threatening (Sec.506,503,384 IPC)",log__cat__B. IPC Crimes(Involving Communication Devices as Medium/Target or r/w IT Act) - Fake News on Social Media (Sec.505),log__cat__B. IPC Crimes(Involving Communication Devices as Medium/Target or r/w IT Act) - Other Offences (r/w IT Act),log__cat__C. Offences under SLL (Involving Communication Devices as Medium/ Target) r/w IT Act - Gambling Act (Online Gambling),log__cat__C. Offences under SLL (Involving Communication Devices as Medium/ Target) r/w IT Act - Lotteries Act (Online Lotteries),"log__cat__C. Offences under SLL (Involving Communication Devices as Medium/ Target) r/w IT Act - Copy Right Act, 1957","log__cat__C. Offences under SLL (Involving Communication Devices as Medium/ Target) r/w IT Act - Trade Marks Act, 1999",log__cat__C. Offences under SLL (Involving Communication Devices as Medium/ Target) r/w IT ActOther SLL Crimes,share__cat__A. Offences under I.T. Act - Tampering Computer Source documents (Sec.65),share__cat__A. Offences under I.T. Act - Computer Related Offences - Computer Related Offences (Sec.66) - a1) Ransom-ware,share__cat__A. Offences under I.T. Act - Computer Related Offences - Computer Related Offences (Sec.66) - a2) Offences other than Ransom-ware,share__cat__A. Offences under I.T. Act - Computer Related Offences - B) Dishonesty receiving stolen computer resource or communication device (Sec.66B),share__cat__A. Offences under I.T. Act - Computer Related Offences - C) Identity Theft (Sec.66C),share__cat__A. Offences under I.T. Act - Computer Related Offences - D) Cheating by personation by using computer resource (Sec.66D) -,share__cat__A. Offences under I.T. Act - Computer Related Offences - E) Violation of Privacy (Sec.66E) -,share__cat__A. Offences under I.T. Act - Cyber Terrorism (Sec.66 F),share__cat__A. Offences under I.T. Act - Publication/ transmission of obscene / sexually explicit act in electronic form (Sec. 67) - A) Publishing or transmitting obscene material in Electronic Form,share__cat__A. Offences under I.T. Act - Publication/transmission of obscene / sexually explicit act in electronic form (Sec. 67) - B) Publishing or transmitting of material containing Sexually explicit act in electronic form (Sec.67A),share__cat__A. Offences under I.T. Act - Publication/transmission of obscene / sexually explicit act in electronic form (Sec. 67) - C) Publishing or transmitting of material depicting children in Sexually explicit act in electronic form (Sec.67B),share__cat__A. Offences under I.T. Act - Publication/transmission of obscene / sexually explicit act in electronic form (Sec. 67) - D) Preservation and retention of information by intermediaries (Sec.67C),share__cat__A. Offences under I.T. Act - Publication/transmission of obscene / sexually explicit act in electronic form (Sec. 67) - E) Other sub-sections of Sec. 67 IT Act,share__cat__A. Offences under I.T. Act - Interception or Monitoring or decryption of Information (Sec.69),share__cat__A. Offences under I.T. Act - Un-authorized access/attempt to access to protected computer system (Sec.70),share__cat__A. Offences under I.T. Act - Abetment to Commit Offences (Sec.84 B),share__cat__A. Offences under I.T. Act - Attempt to Commit Offences (Sec.84C),share__cat__A. Offences under I.T. Act - Other Sections of IT Act,share__cat__B. IPC Crimes(Involving Communication Devices as Medium/Target or r/w IT Act) - Abetment of Suicide (Online) (Sec.305/306 IPC),share__cat__Cyber Stalking/ Bullying of Women/ Children (Sec.354D IPC),share__cat__Data theft (Sec.379 to 381),"share__cat__Fraud (Sec.420 r/w Sec.465, 468- 471 IPC) - A) Credit Card/Debit Card","share__cat__B. IPC Crimes(Involving Communication Devices as Medium/Target or r/w IT Act) - Fraud (Sec.420 r/w Sec.465, 468- 471 IPC) - B) ATMs","share__cat__B. IPC Crimes(Involving Communication Devices as Medium/Target or r/w IT Act) - Fraud (Sec.420 r/w Sec.465, 468- 471 IPC) - C) Online Banking Fraud","share__cat__B. IPC Crimes(Involving Communication Devices as Medium/Target or r/w IT Act) - Fraud (Sec.420 r/w Sec.465, 468- 471 IPC) - D) OTP Frauds","share__cat__B. IPC Crimes(Involving Communication Devices as Medium/Target or r/w IT Act) - Fraud (Sec.420 r/w Sec.465, 468- 471 IPC) - E) Others",share__cat__B. IPC Crimes(Involving Communication Devices as Medium/Target or r/w IT Act) - Cheating (Sec.420 IPC),"share__cat__B. IPC Crimes(Involving Communication Devices as Medium/Target or r/w IT Act) - Forgery (Sec.465, 468 and 471)",share__cat__B. IPC Crimes(Involving Communication Devices as Medium/Target or r/w IT Act) - Defamation/ Morphing (Sec.469 IPC r/w IPC and Indecent representation of women Act),share__cat__B. IPC Crimes(Involving Communication Devices as Medium/Target or r/w IT Act) - Fake Profile (r/w IPC/SLL),share__cat__B. IPC Crimes(Involving Communication Devices as Medium/Target or r/w IT Act) - Counterfeiting - A) Currency (Sec.489A to 489E),share__cat__B. IPC Crimes(Involving Communication Devices as Medium/Target or r/w IT Act) - CounterfeitingB) Stamps (Sec.255),"share__cat__B. IPC Crimes(Involving Communication Devices as Medium/Target or r/w IT Act) - Cyber Blackmailing/ Threatening (Sec.506,503,384 IPC)",share__cat__B. IPC Crimes(Involving Communication Devices as Medium/Target or r/w IT Act) - Fake News on Social Media (Sec.505),share__cat__B. IPC Crimes(Involving Communication Devices as Medium/Target or r/w IT Act) - Other Offences (r/w IT Act),share__cat__C. Offences under SLL (Involving Communication Devices as Medium/ Target) r/w IT Act - Gambling Act (Online Gambling),share__cat__C. Offences under SLL (Involving Communication Devices as Medium/ Target) r/w IT Act - Lotteries Act (Online Lotteries),"share__cat__C. Offences under SLL (Involving Communication Devices as Medium/ Target) r/w IT Act - Copy Right Act, 1957","share__cat__C. Offences under SLL (Involving Communication Devices as Medium/ Target) r/w IT Act - Trade Marks Act, 1999",share__cat__C. Offences under SLL (Involving Communication Devices as Medium/ Target) r/w IT ActOther SLL Crimes
Andhra Pradesh,2,243,5,0,5,4,65,162,7,0,111,9,23,73,0,6,0,0,0,0,6,362,3,148,1,909,48,23,395,67,376,666,3,2,2,0,0,0,20,24,200,1978,0,0,1,0,0,1,2341,88,63,1334,126,95,0,239,34,0,0,1,1,27,4,0,0,0,329,2341,10,68,151,1,0,329,559,0,0,73,1,0,9,83,7.758760544157663,1.0986122886681098,0.0,1.791759469228055,1.6094379124341003,4.189654742026425,5.093750200806762,2.0794415416798357,0.0,2.302585092994046,3.1780538303479458,4.30406509320417,0.0,1.9459101490553132,0.0,0.0,0.0,0.0,1.9459101490553132,1.3862943611198906,5.003946305945459,0.6931471805599453,3.8918202981106265,3.1780538303479458,5.981414211254481,4.219507705176107,5.932245187448011,6.502790045915623,1.3862943611198906,1.0986122886681098,1.0986122886681098,0.0,0.0,3.044522437723423,3.2188758248682006,5.303304908059076,0.0,0.0,0.6931471805599453,0.0,0.0,0.0008543357539513029,0.0,0.0021358393848782574,0.0017086715079026058,0.027765912003417343,0.06920119607005554,0.00299017513882956,0.0,0.003844510892780863,0.009824861170439982,0.031183255019222554,0.0,0.0025630072618539087,0.0,0.0,0.0,0.0,0.0025630072618539087,0.0012815036309269544,0.06322084579239641,0.00042716787697565144,0.02050405809483127,0.009824861170439982,0.1687313114053823,0.028620247757368645,0.16061512174284495,0.28449380606578384,0.0012815036309269544,0.0008543357539513029,0.0008543357539513029,0.0,0.0,0.00854335753951303,0.010252029047415635,0.08543357539513029,0.0,0.0,0.00042716787697565144,0.0,0.0
Arunachal Pradesh,0,17,0,0,0,0,8,7,2,0,0,0,0,0,0,0,0,0,0,0,0,17,0,0,0,0,0,0,0,0,0,6,1,0,0,0,0,0,0,0,0,7,0,0,0,0,0,0,24,0,0,20,0,0,0,0,0,0,0,0,0,0,0,0,0,0,4,24,0,0,0,0,0,4,4,0,0,0,0,0,0,0,3.2188758248682006,0.0,0.0,0.0,0.0,2.1972245773362196,2.0794415416798357,1.0986122886681098,0.0,0.0,0.0,0.0,0.0,0.0,0.0,0.0,0.0,0.0,0.0,0.0,0.0,0.0,0.0,0.0,0.0,0.0,0.0,1.9459101490553132,0.6931471805599453,0.0,0.0,0.0,0.0,0.0,0.0,0.0,0.0,0.0,0.0,0.0,0.0,0.0,0.0,0.0,0.0,0.3333333333333333,0.2916666666666667,0.08333333333333333,0.0,0.0,0.0,0.0,0.0,0.0,0.0,0.0,0.0,0.0,0.0,0.0,0.0,0.0,0.0,0.0,0.0,0.0,0.0,0.25,0.041666666666666664,0.0,0.0,0.0,0.0,0.0,0.0,0.0,0.0,0.0,0.0,0.0,0.0
Assam,0,385,81,0,81,6,93,153,52,0,414,80,80,34,0,220,0,0,0,0,48,847,1,1,0,0,0,0,0,0,0,46,3,0,1,0,0,0,3,0,7,62,0,0,0,0,0,0,909,174,89,138,132,12,6,59,3,0,0,1,0,0,2,0,0,0,293,909,11,97,2,74,0,285,469,0,0,34,0,0,6,40,6.813444599510896,0.0,0.0,4.406719247264253,1.9459101490553132,4.543294782270004,5.0369526024136295,3.970291913552122,0.0,4.394449154672439,4.394449154672439,3.5553480614894135,0.0,5.3981627015177525,0.0,0.0,0.0,0.0,3.8918202981106265,0.6931471805599453,0.6931471805599453,0.0,0.0,0.0,0.0,0.0,0.0,3.8501476017100584,1.3862943611198906,0.0,0.6931471805599453,0.0,0.0,1.3862943611198906,0.0,2.0794415416798357,0.0,0.0,0.0,0.0,0.0,0.0,0.0,0.0891089108910891,0.006600660066006601,0.10231023102310231,0.16831683168316833,0.05720572057205721,0.0,0.08800880088008801,0.08800880088008801,0.0374037403740374,0.0,0.24202420242024203,0.0,0.0,0.0,0.0,0.052805280528052806,0.0011001100110011,0.0011001100110011,0.0,0.0,0.0,0.0,0.0,0.0,0.050605060506050605,0.0033003300330033004,0.0,0.0011001100110011,0.0,0.0,0.0033003300330033004,0.0,0.007700770077007701,0.0,0.0,0.0,0.0,0.0
Bihar,0,332,31,0,31,58,130,112,1,0,65,19,21,7,0,18,0,0,0,0,0,397,0,75,28,2611,643,895,408,249,416,916,63,10,64,0,0,0,79,14,192,4052,0,0,0,0,1,1,4450,326,309,3422,159,23,19,93,0,0,0,7,0,25,10,0,24,0,33,4450,31,20,75,9,40,469,644,0,0,7,1,0,2,10,8.400884069015854,0.0,0.0,3.4657359027997265,4.07753744390572,4.875197323201151,4.727387818712341,0.6931471805599453,0.0,2.995732273553991,3.091042453358316,2.0794415416798357,0.0,2.9444389791664403,0.0,0.0,0.0,0.0,0.0,0.0,4.330733340286331,3.367295829986474,6.467698726104354,6.79794041297493,6.013715156042802,5.521460917862246,6.0330862217988015,6.821107472256465,4.1588830833596715,2.3978952727983707,4.174387269895637,0.0,0.0,4.382026634673881,2.70805020110221,5.262690188904886,0.0,0.0,0.0,0.0,0.6931471805599453,0.0,0.0,0.006966292134831461,0.01303370786516854,0.029213483146067417,0.025168539325842697,0.00022471910112359551,0.0,0.004269662921348315,0.004719101123595505,0.0015730337078651685,0.0,0.004044943820224719,0.0,0.0,0.0,0.0,0.0,0.0,0.016853932584269662,0.006292134831460674,0.14449438202247192,0.20112359550561798,0.09168539325842696,0.05595505617977528,0.09348314606741573,0.20584269662921348,0.014157303370786517,0.0022471910112359553,0.014382022471910113,0.0,0.0,0.017752808988764045,0.003146067415730337,0.043146067415730335,0.0,0.0,0.0,0.0,0.00022471910112359551
Chhattisgarh,0,16,0,0,0,7,3,6,0,0,293,20,83,185,0,5,0,0,0,0,1,310,1,0,0,29,4,0,15,6,4,36,1,0,0,0,0,0,4,0,40,111,52,0,0,0,0,52,473,1,1,49,3,57,3,136,4,0,0,0,0,5,0,44,0,0,170,473,3,195,0,0,0,44,242,2,0,187,0,0,4,193,6.161207321695077,0.0,0.0,0.0,2.0794415416798357,1.3862943611198906,1.9459101490553132,0.0,0.0,3.044522437723423,4.430816798843313,5.225746673713202,0.0,1.791759469228055,0.0,0.0,0.0,0.0,0.6931471805599453,0.6931471805599453,0.0,0.0,1.6094379124341003,0.0,2.772588722239781,1.9459101490553132,1.6094379124341003,3.6109179126442243,0.6931471805599453,0.0,0.0,0.0,0.0,1.6094379124341003,0.0,3.713572066704308,3.970291913552122,0.0,0.0,0.0,0.0,0.0,0.0,0.0,0.014799154334038054,0.006342494714587738,0.012684989429175475,0.0,0.0,0.042283298097251586,0.17547568710359407,0.39112050739957716,0.0,0.010570824524312896,0.0,0.0,0.0,0.0,0.0021141649048625794,0.0021141649048625794,0.0,0.0,0.008456659619450317,0.0,0.03171247357293869,0.012684989429175475,0.008456659619450317,0.07610993657505286,0.0021141649048625794,0.0,0.0,0.0,0.0,0.008456659619450317,0.0,0.08456659619450317,0.10993657505285412,0.0,0.0,0.0,0.0
Goa,1,56,1,0,1,0,7,48,0,2,16,6,1,8,1,0,0,0,0,0,0,75,0,0,0,0,0,0,0,0,0,8,0,0,0,0,0,0,2,0,1,11,0,0,0,0,0,0,86,2,2,60,2,7,0,11,0,0,0,0,0,0,0,0,0,0,2,86,1,8,0,0,0,19,28,0,0,8,0,0,2,10,4.465908118654584,0.6931471805599453,0.0,0.6931471805599453,0.0,2.0794415416798357,3.8918202981106265,0.0,1.0986122886681098,1.9459101490553132,0.6931471805599453,2.1972245773362196,0.6931471805599453,0.0,0.0,0.0,0.0,0.0,0.0,0.0,0.0,0.0,0.0,0.0,0.0,0.0,0.0,2.1972245773362196,0.0,0.0,0.0,0.0,0.0,1.0986122886681098,0.0,0.6931471805599453,0.0,0.0,0.0,0.0,0.0,0.011627906976744186,0.0,0.011627906976744186,0.0,0.08139534883720931,0.5581395348837209,0.0,0.023255813953488372,0.06976744186046512,0.011627906976744186,0.09302325581395349,0.011627906976744186,0.0,0.0,0.0,0.0,0.0,0.0,0.0,0.0,0.0,0.0,0.0,0.0,0.0,0.0,0.09302325581395349,0.0,0.0,0.0,0.0,0.0,0.023255813953488372,0.0,0.011627906976744186,0.0,0.0,0.0,0.0,0.0
Gujarat,0,305,3,0,3,2,254,34,12,0,136,65,57,10,0,4,0,0,0,2,33,476,4,43,8,112,9,10,49,7,37,1034,68,0,3,0,0,0,37,0,195,1504,0,0,0,0,15,15,1995,1,9,1187,183,387,5,84,0,2,0,2,0,5,0,1,0,0,129,1995,9,45,43,0,0,356,453,0,0,10,3,0,26,39,7.59890045687141,0.0,0.0,1.3862943611198906,1.0986122886681098,5.541263545158426,3.5553480614894135,2.5649493574615367,0.0,4.189654742026425,4.060443010546419,2.3978952727983707,0.0,1.6094379124341003,0.0,0.0,0.0,1.0986122886681098,3.5263605246161616,1.6094379124341003,3.784189633918261,2.1972245773362196,2.302585092994046,2.3978952727983707,3.912023005428146,2.0794415416798357,3.6375861597263857,6.942156705699469,4.23410650459726,0.0,1.3862943611198906,0.0,0.0,3.6375861597263857,0.0,5.278114659230517,0.0,0.0,0.0,0.0,2.772588722239781,0.0,0.0,0.0015037593984962407,0.0010025062656641604,0.12731829573934836,0.017042606516290727,0.006015037593984963,0.0,0.03258145363408521,0.02857142857142857,0.005012531328320802,0.0,0.0020050125313283208,0.0,0.0,0.0,0.0010025062656641604,0.016541353383458645,0.0020050125313283208,0.02155388471177945,0.0040100250626566416,0.004511278195488722,0.005012531328320802,0.02456140350877193,0.0035087719298245615,0.018546365914786967,0.5182957393483709,0.034085213032581455,0.0,0.0015037593984962407,0.0,0.0,0.018546365914786967,0.0,0.09774436090225563,0.0,0.0,0.0,0.0,0.007518796992481203
Haryana,0,121,11,1,10,2,61,34,13,0,198,56,111,4,0,27,0,0,0,2,4,325,1,35,0,11,0,0,3,0,8,239,44,1,1,0,0,0,7,0,65,404,0,0,0,0,22,22,751,22,33,295,36,20,3,117,0,0,0,0,0,1,1,0,0,0,223,751,6,96,39,1,0,240,382,0,0,4,0,0,32,36,6.62273632394984,0.0,0.6931471805599453,2.3978952727983707,1.0986122886681098,4.127134385045092,3.5553480614894135,2.6390573296152584,0.0,4.04305126783455,4.718498871295094,1.6094379124341003,0.0,3.332204510175204,0.0,0.0,0.0,1.0986122886681098,1.6094379124341003,0.6931471805599453,3.58351893845611,0.0,0.0,0.0,1.3862943611198906,0.0,2.1972245773362196,5.480638923341991,3.8066624897703196,0.6931471805599453,0.6931471805599453,0.0,0.0,2.0794415416798357,0.0,4.189654742026425,0.0,0.0,0.0,0.0,3.1354942159291497,0.0,0.0013315579227696406,0.013315579227696404,0.002663115845539281,0.08122503328894808,0.045272969374167776,0.017310252996005325,0.0,0.07456724367509987,0.1478029294274301,0.005326231691078562,0.0,0.03595206391478029,0.0,0.0,0.0,0.002663115845539281,0.005326231691078562,0.0013315579227696406,0.04660452729693742,0.0,0.0,0.0,0.0039946737683089215,0.0,0.010652463382157125,0.3182423435419441,0.05858854860186418,0.0013315579227696406,0.0013315579227696406,0.0,0.0,0.009320905459387484,0.0,0.08655126498002663,0.0,0.0,0.0,0.0,0.02929427430093209
Himachal Pradesh,0,77,2,1,1,0,4,69,2,0,24,0,22,2,0,0,0,0,0,0,0,101,0,2,0,7,0,1,0,0,6,17,0,0,0,0,0,0,0,0,0,26,0,0,0,0,0,0,127,8,3,90,3,5,0,12,1,0,0,0,0,0,0,0,0,0,5,127,0,21,2,0,0,17,40,0,0,2,0,0,2,4,4.852030263919617,0.0,0.6931471805599453,0.6931471805599453,0.0,1.6094379124341003,4.248495242049359,1.0986122886681098,0.0,0.0,3.1354942159291497,1.0986122886681098,0.0,0.0,0.0,0.0,0.0,0.0,0.0,0.0,1.0986122886681098,0.0,0.0,0.6931471805599453,0.0,0.0,1.9459101490553132,2.8903717578961645,0.0,0.0,0.0,0.0,0.0,0.0,0.0,0.0,0.0,0.0,0.0,0.0,0.0,0.0,0.007874015748031496,0.007874015748031496,0.0,0.031496062992125984,0.5433070866141733,0.015748031496062992,0.0,0.0,0.1732283464566929,0.015748031496062992,0.0,0.0,0.0,0.0,0.0,0.0,0.0,0.0,0.015748031496062992,0.0,0.0,0.007874015748031496,0.0,0.0,0.047244094488188976,0.13385826771653545,0.0,0.0,0.0,0.0,0.0,0.0,0.0,0.0,0.0,0.0,0.0,0.0,0.0
Jharkhand,0,966,126,20,106,140,479,161,60,0,26,6,15,0,0,5,0,0,0,0,1,993,0,7,0,43,4,9,12,18,0,17,12,0,0,0,0,0,7,0,0,86,0,0,0,0,0,0,1079,0,0,1027,14,6,0,19,0,0,0,2,0,0,0,0,0,0,11,1079,0,12,7,0,0,1,20,0,0,0,0,0,0,0,6.984716320118266,0.0,3.044522437723423,4.672828834461906,4.948759890378168,6.173786103901937,5.087596335232384,4.110873864173311,0.0,1.9459101490553132,2.772588722239781,0.0,0.0,1.791759469228055,0.0,0.0,0.0,0.0,0.6931471805599453,0.0,2.0794415416798357,0.0,1.6094379124341003,2.302585092994046,2.5649493574615367,2.9444389791664403,0.0,2.8903717578961645,2.5649493574615367,0.0,0.0,0.0,0.0,2.0794415416798357,0.0,0.0,0.0,0.0,0.0,0.0,0.0,0.0,0.018535681186283594,0.09823911028730306,0.12974976830398516,0.4439295644114921,0.14921223354958293,0.05560704355885079,0.0,0.005560704355885079,0.013901760889712697,0.0,0.0,0.004633920296570899,0.0,0.0,0.0,0.0,0.0009267840593141798,0.0,0.006487488415199258,0.0,0.0037071362372567192,0.008341056533827619,0.011121408711770158,0.016682113067655237,0.0,0.015755329008341055,0.011121408711770158,0.0,0.0,0.0,0.0,0.006487488415199258,0.0,0.0,0.0,0.0,0.0,0.0,0.0
Karnataka,7,20806,136,30,106,11,2411,18166,82,1,1007,331,261,341,4,70,0,0,0,6,43,21870,2,4,0,0,0,0,0,0,0,5,1,0,0,0,0,0,1,4,1,18,0,0,0,0,1,1,21889,109,104,18602,437,212,2,682,12,1,0,1,3,567,0,0,1,0,1156,21889,0,457,4,1,0,6540,7002,0,0,341,0,0,22,363,9.993785190516908,2.0794415416798357,3.4339872044851463,4.672828834461906,2.4849066497880004,7.788211557847076,9.807362040438745,4.418840607796598,0.6931471805599453,5.805134968916488,5.568344503761097,5.834810737062605,1.6094379124341003,4.2626798770413155,0.0,0.0,0.0,1.9459101490553132,3.784189633918261,1.0986122886681098,1.6094379124341003,0.0,0.0,0.0,0.0,0.0,0.0,1.791759469228055,0.6931471805599453,0.0,0.0,0.0,0.0,0.6931471805599453,1.6094379124341003,0.6931471805599453,0.0,0.0,0.0,0.0,0.6931471805599453,0.0003197953309881676,0.001370551418520718,0.004842615012106538,0.0005025355201242633,0.11014664900178171,0.8299145689615789,0.003746173877289963,4.568504728402394e-05,0.015121750651011923,0.011923797341130249,0.015578601123852164,0.00018274018913609576,0.0031979533098816758,0.0,0.0,0.0,0.0002741102837041436,0.0019644570332130293,9.137009456804788e-05,0.00018274018913609576,0.0,0.0,0.0,0.0,0.0,0.0,0.00022842523642011968,4.568504728402394e-05,0.0,0.0,0.0,0.0,4.568504728402394e-05,0.00018274018913609576,4.568504728402394e-05,0.0,0.0,0.0,0.0,4.568504728402394e-05
Kerala,3,643,14,1,13,3,76,526,24,2,432,19,85,321,2,5,0,0,0,0,9,1089,0,51,4,117,6,0,60,45,6,1719,8,0,30,0,0,0,10,0,171,2110,0,0,0,0,96,96,3295,97,29,1718,590,20,4,500,3,0,0,0,0,154,2,2,57,0,119,3295,5,333,51,2,29,402,822,0,0,342,3,0,98,443,8.100464891029363,1.3862943611198906,0.6931471805599453,2.6390573296152584,1.3862943611198906,4.343805421853684,6.267200548541362,3.2188758248682006,1.0986122886681098,2.995732273553991,4.454347296253507,5.7745515455444085,1.0986122886681098,1.791759469228055,0.0,0.0,0.0,0.0,2.302585092994046,0.0,3.9512437185814275,1.6094379124341003,1.9459101490553132,0.0,4.110873864173311,3.828641396489095,1.9459101490553132,7.450079569807499,2.1972245773362196,0.0,3.4339872044851463,0.0,0.0,2.3978952727983707,0.0,5.147494476813453,0.0,0.0,0.0,0.0,4.574710978503383,0.0009104704097116844,0.00030349013657056146,0.0039453717754172985,0.0009104704097116844,0.023065250379362672,0.15963581183611533,0.007283763277693475,0.0006069802731411229,0.005766312594840668,0.025796661608497723,0.09742033383915023,0.0006069802731411229,0.0015174506828528073,0.0,0.0,0.0,0.0,0.002731411229135053,0.0,0.015477996965098634,0.0012139605462822458,0.0018209408194233688,0.0,0.018209408194233688,0.013657056145675266,0.0018209408194233688,0.5216995447647952,0.0024279210925644916,0.0,0.009104704097116844,0.0,0.0,0.0030349013657056147,0.0,0.05189681335356601,0.0,0.0,0.0,0.0,0.0291350531107739
Madhya Pradesh,0,191,2,1,1,1,19,159,10,0,68,23,35,5,0,5,0,1,0,1,6,267,5,68,2,91,0,3,61,10,17,78,7,4,0,0,0,0,20,4,134,413,4,0,0,0,1,5,685,13,10,332,17,100,5,102,1,0,0,0,0,0,0,0,1,0,104,685,12,38,68,2,0,193,313,0,0,5,5,0,33,43,6.530877627725885,0.0,0.6931471805599453,0.6931471805599453,0.6931471805599453,2.995732273553991,5.075173815233827,2.3978952727983707,0.0,3.1780538303479458,3.58351893845611,1.791759469228055,0.0,1.791759469228055,0.0,0.6931471805599453,0.0,0.6931471805599453,1.9459101490553132,1.791759469228055,4.23410650459726,1.0986122886681098,0.0,1.3862943611198906,4.127134385045092,2.3978952727983707,2.8903717578961645,4.3694478524670215,2.0794415416798357,1.6094379124341003,0.0,0.0,0.0,3.044522437723423,1.6094379124341003,4.90527477843843,1.6094379124341003,0.0,0.0,0.0,0.6931471805599453,0.0,0.00145985401459854,0.00145985401459854,0.00145985401459854,0.027737226277372264,0.2321167883211679,0.014598540145985401,0.0,0.033576642335766425,0.051094890510948905,0.0072992700729927005,0.0,0.0072992700729927005,0.0,0.00145985401459854,0.0,0.00145985401459854,0.008759124087591242,0.0072992700729927005,0.09927007299270073,0.00291970802919708,0.0,0.004379562043795621,0.08905109489051095,0.014598540145985401,0.024817518248175182,0.11386861313868613,0.010218978102189781,0.00583941605839416,0.0,0.0,0.0,0.029197080291970802,0.00583941605839416,0.19562043795620437,0.00583941605839416,0.0,0.0,0.0,0.00145985401459854
Maharashtra,7,746,6,2,4,8,474,248,10,0,173,91,47,20,5,10,0,0,0,0,34,960,8,411,41,2075,229,99,158,229,1360,3743,66,4,38,0,0,0,71,10,664,7131,11,0,0,0,1,12,8103,54,26,5290,123,9,0,534,0,0,0,8,0,48,0,0,0,0,2011,8103,18,40,415,0,23,2006,2502,0,0,23,0,0,8,31,9.000113045928519,2.0794415416798357,1.0986122886681098,1.6094379124341003,2.1972245773362196,6.163314804034641,5.517452896464707,2.3978952727983707,0.0,4.5217885770490405,3.871201010907891,3.044522437723423,1.791759469228055,2.3978952727983707,0.0,0.0,0.0,0.0,3.5553480614894135,2.1972245773362196,6.021023349349527,3.7376696182833684,5.438079308923196,4.605170185988092,5.0689042022202315,5.438079308923196,7.215975002651466,8.227909837597483,4.204692619390966,1.6094379124341003,3.6635616461296463,0.0,0.0,4.276666119016055,2.3978952727983707,6.499787040655854,2.4849066497880004,0.0,0.0,0.0,0.6931471805599453,0.0008638775762063434,0.0002468221646303838,0.0004936443292607676,0.0009872886585215353,0.058496853017400964,0.030605948414167593,0.001234110823151919,0.0,0.011230408490682462,0.005800320868814019,0.002468221646303838,0.0006170554115759595,0.001234110823151919,0.0,0.0,0.0,0.0,0.004195976798716525,0.0009872886585215353,0.050721954831543875,0.005059854374922868,0.028261137850178947,0.012217697149203998,0.019498951005800323,0.028261137850178947,0.167839071948661,0.4619276811057633,0.008145131432802665,0.0004936443292607676,0.0046896211279772925,0.0,0.0,0.008762186844378626,0.001234110823151919,0.08194495865728743,0.001357521905467111,0.0,0.0,0.0,0.0001234110823151919
Manipur,0,1,0,0,0,0,0,1,0,0,1,0,1,0,0,0,0,0,0,0,0,2,0,0,0,0,0,0,0,0,0,0,0,0,0,0,0,0,0,0,1,1,0,0,0,0,0,0,3,1,0,1,0,0,0,1,0,0,0,0,0,0,0,0,0,0,0,3,0,0,0,0,0,6,6,0,0,0,0,0,0,0,1.3862943611198906,0.0,0.0,0.0,0.0,0.0,0.6931471805599453,0.0,0.0,0.0,0.6931471805599453,0.0,0.0,0.0,0.0,0.0,0.0,0.0,0.0,0.0,0.0,0.0,0.0,0.0,0.0,0.0,0.0,0.0,0.0,0.0,0.0,0.0,0.0,0.0,0.0,0.6931471805599453,0.0,0.0,0.0,0.0,0.0,0.0,0.0,0.0,0.0,0.0,0.3333333333333333,0.0,0.0,0.0,0.3333333333333333,0.0,0.0,0.0,0.0,0.0,0.0,0.0,0.0,0.0,0.0,0.0,0.0,0.0,0.0,0.0,0.0,0.0,0.0,0.0,0.0,0.0,0.0,0.0,0.0,0.3333333333333333,0.0,0.0,0.0,0.0,0.0
Meghalaya,0,39,2,0,2,0,8,27,2,0,18,3,9,6,0,0,0,0,0,0,5,62,0,0,0,0,0,0,0,0,0,0,0,0,1,0,0,0,0,1,0,2,0,0,0,0,0,0,64,2,2,29,3,1,0,17,1,0,0,0,0,0,0,0,0,0,9,64,0,9,0,1,0,19,29,0,0,6,0,0,1,7,4.174387269895637,0.0,0.0,1.0986122886681098,0.0,2.1972245773362196,3.332204510175204,1.0986122886681098,0.0,1.3862943611198906,2.302585092994046,1.9459101490553132,0.0,0.0,0.0,0.0,0.0,0.0,1.791759469228055,0.0,0.0,0.0,0.0,0.0,0.0,0.0,0.0,0.0,0.0,0.0,0.6931471805599453,0.0,0.0,0.0,0.6931471805599453,0.0,0.0,0.0,0.0,0.0,0.0,0.0,0.0,0.03125,0.0,0.125,0.421875,0.03125,0.0,0.046875,0.140625,0.09375,0.0,0.0,0.0,0.0,0.0,0.0,0.078125,0.0,0.0,0.0,0.0,0.0,0.0,0.0,0.0,0.0,0.0,0.0,0.015625,0.0,0.0,0.0,0.015625,0.0,0.0,0.0,0.0,0.0,0.0
Mizoram,0,8,1,0,1,0,7,0,0,0,23,19,0,4,0,0,0,0,0,0,0,31,0,0,0,0,0,0,0,0,0,0,0,0,0,0,0,0,0,0,0,0,0,0,0,0,0,0,31,0,0,24,0,5,0,0,0,0,0,0,0,0,0,0,2,0,0,31,0,0,0,0,0,0,0,0,0,4,0,0,0,4,3.4657359027997265,0.0,0.0,0.6931471805599453,0.0,2.0794415416798357,0.0,0.0,0.0,2.995732273553991,0.0,1.6094379124341003,0.0,0.0,0.0,0.0,0.0,0.0,0.0,0.0,0.0,0.0,0.0,0.0,0.0,0.0,0.0,0.0,0.0,0.0,0.0,0.0,0.0,0.0,0.0,0.0,0.0,0.0,0.0,0.0,0.0,0.0,0.0,0.03225806451612903,0.0,0.22580645161290322,0.0,0.0,0.0,0.6129032258064516,0.0,0.12903225806451613,0.0,0.0,0.0,0.0,0.0,0.0,0.0,0.0,0.0,0.0,0.0,0.0,0.0,0.0,0.0,0.0,0.0,0.0,0.0,0.0,0.0,0.0,0.0,0.0,0.0,0.0,0.0,0.0,0.0
Nagaland,0,1,0,0,0,0,0,1,0,0,1,0,0,1,0,0,0,0,0,0,0,2,0,0,0,0,0,0,0,0,0,0,0,0,0,0,0,0,0,0,0,0,0,0,0,0,0,0,2,0,0,1,0,0,0,0,0,0,0,0,0,1,0,0,0,0,0,2,0,1,0,0,0,0,1,0,0,1,0,0,0,1,1.0986122886681098,0.0,0.0,0.0,0.0,0.0,0.6931471805599453,0.0,0.0,0.0,0.0,0.6931471805599453,0.0,0.0,0.0,0.0,0.0,0.0,0.0,0.0,0.0,0.0,0.0,0.0,0.0,0.0,0.0,0.0,0.0,0.0,0.0,0.0,0.0,0.0,0.0,0.0,0.0,0.0,0.0,0.0,0.0,0.0,0.0,0.0,0.0,0.0,0.5,0.0,0.0,0.0,0.0,0.5,0.0,0.0,0.0,0.0,0.0,0.0,0.0,0.0,0.0,0.0,0.0,0.0,0.0,0.0,0.0,0.0,0.0,0.0,0.0,0.0,0.0,0.0,0.0,0.0,0.0,0.0,0.0,0.0,0.0
Odisha,0,127,126,10,116,0,1,0,0,0,761,403,289,69,0,0,0,0,0,0,4,892,0,0,0,1362,136,111,1081,9,25,0,1,0,0,0,0,0,0,0,30,1393,0,0,0,0,63,63,2348,0,0,1676,0,0,0,8,0,0,0,0,0,0,0,0,0,0,664,2348,0,358,0,403,0,0,761,0,0,69,0,0,0,69,7.761744984658913,0.0,2.3978952727983707,4.762173934797756,0.0,0.6931471805599453,0.0,0.0,0.0,6.0014148779611505,5.66988092298052,4.248495242049359,0.0,0.0,0.0,0.0,0.0,0.0,1.6094379124341003,0.0,0.0,0.0,4.919980925828125,4.718498871295094,6.9865664594064265,2.302585092994046,3.258096538021482,0.0,0.6931471805599453,0.0,0.0,0.0,0.0,0.0,0.0,3.4339872044851463,0.0,0.0,0.0,0.0,4.1588830833596715,0.0,0.004258943781942078,0.049403747870528106,0.0,0.00042589437819420784,0.0,0.0,0.0,0.17163543441226575,0.12308347529812606,0.02938671209540034,0.0,0.0,0.0,0.0,0.0,0.0,0.0017035775127768314,0.0,0.0,0.0,0.05792163543441227,0.04727427597955707,0.46039182282793867,0.0038330494037478705,0.010647359454855196,0.0,0.00042589437819420784,0.0,0.0,0.0,0.0,0.0,0.0,0.012776831345826235,0.0,0.0,0.0,0.0,0.026831345826235094
Punjab,0,76,17,0,17,1,11,44,3,1,109,22,29,11,0,47,0,0,0,0,32,218,0,14,2,25,0,8,11,2,4,142,4,4,1,0,0,0,26,0,65,283,3,0,6,0,1,10,511,16,13,277,53,29,3,74,2,1,1,2,0,3,1,0,0,0,36,511,7,27,14,2,1,76,127,0,0,11,0,0,3,14,6.238324625039508,0.0,0.0,2.8903717578961645,0.6931471805599453,2.4849066497880004,3.8066624897703196,1.3862943611198906,0.6931471805599453,3.1354942159291497,3.4011973816621555,2.4849066497880004,0.0,3.871201010907891,0.0,0.0,0.0,0.0,3.4965075614664802,0.0,2.70805020110221,1.0986122886681098,0.0,2.1972245773362196,2.4849066497880004,1.0986122886681098,1.6094379124341003,4.962844630259907,1.6094379124341003,1.6094379124341003,0.6931471805599453,0.0,0.0,3.295836866004329,0.0,4.189654742026425,1.3862943611198906,0.0,1.9459101490553132,0.0,0.6931471805599453,0.0,0.0,0.033268101761252444,0.0019569471624266144,0.021526418786692758,0.08610567514677103,0.005870841487279843,0.0019569471624266144,0.043052837573385516,0.05675146771037182,0.021526418786692758,0.0,0.09197651663405088,0.0,0.0,0.0,0.0,0.06262230919765166,0.0,0.0273972602739726,0.003913894324853229,0.0,0.015655577299412915,0.021526418786692758,0.003913894324853229,0.007827788649706457,0.27788649706457924,0.007827788649706457,0.007827788649706457,0.0019569471624266144,0.0,0.0,0.050880626223091974,0.0,0.12720156555772993,0.005870841487279843,0.0,0.011741682974559686,0.0,0.0019569471624266144
Rajasthan,1,676,3,1,2,2,148,521,2,2,500,49,125,254,0,72,1,0,0,0,284,1464,0,97,0,84,7,0,16,36,25,420,16,1,28,0,0,0,34,1,272,953,10,0,1,0,7,18,2435,52,7,1102,134,100,4,365,3,1,0,1,0,1,0,0,0,0,665,2435,10,212,97,0,3,199,521,0,0,254,6,0,46,306,7.798112628829788,0.6931471805599453,0.6931471805599453,1.0986122886681098,1.0986122886681098,5.003946305945459,6.257667587882639,1.0986122886681098,1.0986122886681098,3.912023005428146,4.836281906951478,5.541263545158426,0.0,4.290459441148391,0.6931471805599453,0.0,0.0,0.0,5.652489180268651,0.0,4.584967478670572,0.0,2.0794415416798357,0.0,2.833213344056216,3.6109179126442243,3.258096538021482,6.042632833682381,2.833213344056216,0.6931471805599453,3.367295829986474,0.0,0.0,3.5553480614894135,0.6931471805599453,5.60947179518496,2.3978952727983707,0.0,0.6931471805599453,0.0,2.0794415416798357,0.0004106776180698152,0.0004106776180698152,0.0008213552361396304,0.0008213552361396304,0.06078028747433265,0.21396303901437372,0.0008213552361396304,0.0008213552361396304,0.020123203285420943,0.0513347022587269,0.10431211498973306,0.0,0.029568788501026694,0.0004106776180698152,0.0,0.0,0.0,0.11663244353182751,0.0,0.03983572895277208,0.0,0.002874743326488706,0.0,0.006570841889117043,0.014784394250513347,0.01026694045174538,0.17248459958932238,0.006570841889117043,0.0004106776180698152,0.011498973305954825,0.0,0.0,0.013963039014373716,0.0004106776180698152,0.11170431211498973,0.004106776180698152,0.0,0.0004106776180698152,0.0,0.002874743326488706
Sikkim,0,6,1,0,1,0,1,4,0,0,6,2,4,0,0,0,0,0,0,0,0,12,0,0,0,0,0,0,0,0,0,0,0,0,0,0,0,0,0,0,0,0,0,0,0,0,0,0,12,0,0,3,1,1,0,0,2,0,0,0,0,0,0,0,0,0,5,12,0,4,0,0,0,4,8,0,0,0,0,0,0,0,2.5649493574615367,0.0,0.0,0.6931471805599453,0.0,0.6931471805599453,1.6094379124341003,0.0,0.0,1.0986122886681098,1.6094379124341003,0.0,0.0,0.0,0.0,0.0,0.0,0.0,0.0,0.0,0.0,0.0,0.0,0.0,0.0,0.0,0.0,0.0,0.0,0.0,0.0,0.0,0.0,0.0,0.0,0.0,0.0,0.0,0.0,0.0,0.0,0.0,0.0,0.08333333333333333,0.0,0.08333333333333333,0.3333333333333333,0.0,0.0,0.16666666666666666,0.3333333333333333,0.0,0.0,0.0,0.0,0.0,0.0,0.0,0.0,0.0,0.0,0.0,0.0,0.0,0.0,0.0,0.0,0.0,0.0,0.0,0.0,0.0,0.0,0.0,0.0,0.0,0.0,0.0,0.0,0.0,0.0
Tamil Nadu,2,1643,38,17,21,0,43,1542,20,0,263,123,93,5,1,41,0,0,0,0,4,1912,0,27,2,887,94,21,151,165,456,1148,65,0,0,0,0,0,15,35,16,2195,0,0,0,1,13,14,4121,29,21,3697,49,29,8,181,36,0,3,4,0,25,6,0,0,0,33,4121,14,76,27,1,0,944,1062,0,0,5,0,0,14,19,8.324093761450404,1.0986122886681098,2.8903717578961645,3.091042453358316,0.0,3.784189633918261,7.341483852363161,3.044522437723423,0.0,4.820281565605037,4.543294782270004,1.791759469228055,0.6931471805599453,3.7376696182833684,0.0,0.0,0.0,0.0,1.6094379124341003,0.0,3.332204510175204,1.0986122886681098,4.553876891600541,3.091042453358316,5.0238805208462765,5.111987788356544,6.124683390894205,7.046647277848756,4.189654742026425,0.0,0.0,0.0,0.0,2.772588722239781,3.58351893845611,2.833213344056216,0.0,0.0,0.0,0.6931471805599453,2.6390573296152584,0.000485319097306479,0.004125212327105072,0.00509585052171803,0.0,0.010434360592089298,0.37418102402329534,0.0048531909730647905,0.0,0.02984712448434846,0.022567338024751273,0.0012132977432661976,0.0002426595486532395,0.00994904149478282,0.0,0.0,0.0,0.0,0.000970638194612958,0.0,0.006551807813637467,0.000485319097306479,0.022809997573404513,0.00509585052171803,0.03664159184663916,0.04003882552778452,0.11065275418587721,0.27857316185391895,0.015772870662460567,0.0,0.0,0.0,0.0,0.0036398932297985924,0.008493084202863382,0.003882552778451832,0.0,0.0,0.0,0.0002426595486532395,0.0031545741324921135
Telangana,0,252,5,5,0,2,106,138,1,0,186,91,60,19,0,16,0,0,0,0,1,439,4,263,13,10626,855,580,1868,4223,3100,6384,18,9,47,0,0,0,213,98,112,17787,7,0,3,0,0,10,18236,3,165,14749,134,0,0,195,38,0,0,0,0,96,9,0,0,2,2845,18236,38,78,295,2,2,1032,1447,0,0,20,6,0,10,36,9.811207776416833,0.0,1.791759469228055,0.0,1.0986122886681098,4.672828834461906,4.9344739331306915,0.6931471805599453,0.0,4.5217885770490405,4.110873864173311,2.995732273553991,0.0,2.833213344056216,0.0,0.0,0.0,0.0,0.6931471805599453,1.6094379124341003,5.575949103146316,2.6390573296152584,6.752270376141742,6.364750756851911,7.533158807455563,8.348537825386098,8.03947991910045,8.76170676846664,2.9444389791664403,2.302585092994046,3.871201010907891,0.0,0.0,5.365976015021851,4.59511985013459,4.727387818712341,2.0794415416798357,0.0,1.3862943611198906,0.0,0.0,0.0,0.0002741829348541347,0.0,0.00010967317394165388,0.005812678218907655,0.0075674490019741174,5.483658697082694e-05,0.0,0.004990129414345251,0.003290195218249616,0.0010418951524457118,0.0,0.000877385391533231,0.0,0.0,0.0,0.0,5.483658697082694e-05,0.00021934634788330776,0.014422022373327485,0.0007128756306207501,0.04688528186005703,0.031805220443079624,0.10243474446150472,0.23157490677780215,0.1699934196095635,0.3500767712217592,0.0009870585654748849,0.0004935292827374424,0.002577319587628866,0.0,0.0,0.011680193024786137,0.0053739855231410396,0.0061416977407326165,0.00038385610879578853,0.0,0.0001645097609124808,0.0,0.0
Tripura,0,18,4,0,4,0,2,12,0,0,18,1,13,1,0,3,0,0,0,0,0,36,0,0,0,0,0,0,0,0,0,0,0,0,0,0,0,0,0,0,0,0,0,0,0,0,0,0,36,3,0,17,1,3,0,11,1,0,0,0,0,0,0,0,0,0,0,36,0,13,0,0,0,1,14,0,0,1,0,0,0,1,3.6109179126442243,0.0,0.0,1.6094379124341003,0.0,1.0986122886681098,2.5649493574615367,0.0,0.0,0.6931471805599453,2.6390573296152584,0.6931471805599453,0.0,1.3862943611198906,0.0,0.0,0.0,0.0,0.0,0.0,0.0,0.0,0.0,0.0,0.0,0.0,0.0,0.0,0.0,0.0,0.0,0.0,0.0,0.0,0.0,0.0,0.0,0.0,0.0,0.0,0.0,0.0,0.0,0.1111111111111111,0.0,0.05555555555555555,0.3333333333333333,0.0,0.0,0.027777777777777776,0.3611111111111111,0.027777777777777776,0.0,0.08333333333333333,0.0,0.0,0.0,0.0,0.0,0.0,0.0,0.0,0.0,0.0,0.0,0.0,0.0,0.0,0.0,0.0,0.0,0.0,0.0,0.0,0.0,0.0,0.0,0.0,0.0,0.0,0.0
Uttar Pradesh,46,6973,3455,706,2749,139,486,2748,145,2,2729,1572,590,14,9,544,0,0,0,0,352,10102,0,9,10,287,57,14,112,38,66,200,59,0,6,0,0,0,79,11,28,689,0,0,3,0,0,3,10794,90,202,3811,1020,1268,97,514,61,0,13,10,3,70,1,0,0,0,3634,10794,92,389,18,2,2,960,1463,0,0,14,0,0,20,34,9.286838342948908,3.8501476017100584,6.561030665896573,7.919356190660617,4.941642422609304,6.18826412308259,7.918992488165245,4.983606621708336,1.0986122886681098,7.360739903058278,6.3818160174060985,2.70805020110221,2.302585092994046,6.300785794663244,0.0,0.0,0.0,0.0,5.8664680569332965,0.0,2.302585092994046,2.3978952727983707,4.060443010546419,2.70805020110221,4.727387818712341,3.6635616461296463,4.204692619390966,5.303304908059076,4.0943445622221,0.0,1.9459101490553132,0.0,0.0,4.382026634673881,2.4849066497880004,3.367295829986474,0.0,0.0,1.3862943611198906,0.0,0.0,0.0042616268297202145,0.06540670743005374,0.25467852510654065,0.012877524550676301,0.04502501389660923,0.254585881045025,0.013433388919770244,0.00018528812303131369,0.14563646470261257,0.05465999629423754,0.0012970168612191958,0.0008337965536409116,0.050398369464517326,0.0,0.0,0.0,0.0,0.03261070965351121,0.0,0.0008337965536409116,0.0009264406151565684,0.0052807115063924406,0.0012970168612191958,0.010376134889753566,0.0035204743375949602,0.006114508060033352,0.01852881230313137,0.005465999629423754,0.0,0.0005558643690939411,0.0,0.0,0.007318880859736891,0.0010190846766722254,0.0025940337224383916,0.0,0.0,0.00027793218454697053,0.0,0.0
Uttarakhand,0,296,6,0,6,0,28,256,6,0,120,38,41,39,1,1,0,0,0,0,1,417,0,7,0,18,0,0,0,0,18,20,0,0,0,0,0,0,30,0,2,77,0,0,0,0,0,0,494,0,14,187,70,41,17,102,1,0,0,10,0,0,0,0,0,0,52,494,26,51,7,0,0,60,144,0,0,39,0,0,25,64,6.20455776256869,0.0,0.0,1.9459101490553132,0.0,3.367295829986474,5.54907608489522,1.9459101490553132,0.0,3.6635616461296463,3.7376696182833684,3.6888794541139363,0.6931471805599453,0.6931471805599453,0.0,0.0,0.0,0.0,0.6931471805599453,0.0,2.0794415416798357,0.0,0.0,0.0,0.0,0.0,2.9444389791664403,3.044522437723423,0.0,0.0,0.0,0.0,0.0,3.4339872044851463,0.0,1.0986122886681098,0.0,0.0,0.0,0.0,0.0,0.0,0.0,0.012145748987854251,0.0,0.05668016194331984,0.5182186234817814,0.012145748987854251,0.0,0.07692307692307693,0.08299595141700405,0.07894736842105263,0.0020242914979757085,0.0020242914979757085,0.0,0.0,0.0,0.0,0.0020242914979757085,0.0,0.01417004048582996,0.0,0.0,0.0,0.0,0.0,0.03643724696356275,0.04048582995951417,0.0,0.0,0.0,0.0,0.0,0.06072874493927125,0.0,0.004048582995951417,0.0,0.0,0.0,0.0,0.0
West Bengal,1,10,0,0,0,0,5,2,3,0,23,14,4,2,0,3,0,0,0,0,27,61,1,23,0,7,0,0,0,0,7,27,3,0,0,0,0,0,20,7,158,246,0,0,1,0,1,2,309,15,4,12,8,3,2,12,0,0,0,0,0,0,0,0,0,0,253,309,3,6,23,0,0,144,176,0,0,2,0,0,1,3,5.736572297479192,0.6931471805599453,0.0,0.0,0.0,1.791759469228055,1.0986122886681098,1.3862943611198906,0.0,2.70805020110221,1.6094379124341003,1.0986122886681098,0.0,1.3862943611198906,0.0,0.0,0.0,0.0,3.332204510175204,0.6931471805599453,3.1780538303479458,0.0,0.0,0.0,0.0,0.0,2.0794415416798357,3.332204510175204,1.3862943611198906,0.0,0.0,0.0,0.0,3.044522437723423,2.0794415416798357,5.0689042022202315,0.0,0.0,0.6931471805599453,0.0,0.6931471805599453,0.003236245954692557,0.0,0.0,0.0,0.016181229773462782,0.006472491909385114,0.009708737864077669,0.0,0.045307443365695796,0.012944983818770227,0.006472491909385114,0.0,0.009708737864077669,0.0,0.0,0.0,0.0,0.08737864077669903,0.003236245954692557,0.0744336569579288,0.0,0.0,0.0,0.0,0.0,0.022653721682847898,0.08737864077669903,0.009708737864077669,0.0,0.0,0.0,0.0,0.06472491909385113,0.022653721682847898,0.511326860841424,0.0,0.0,0.003236245954692557,0.0,0.003236245954692557
Andaman and Nicobar Islands,0,1,0,0,0,0,1,0,0,0,27,0,8,19,0,0,0,0,0,0,2,30,0,0,0,0,0,0,0,0,0,12,0,0,0,0,0,0,2,0,3,17,0,0,0,0,0,0,47,1,0,22,1,2,0,9,1,0,0,0,0,0,1,0,0,0,10,47,2,27,0,0,0,8,37,0,0,19,0,0,4,23,3.871201010907891,0.0,0.0,0.0,0.0,0.6931471805599453,0.0,0.0,0.0,0.0,2.1972245773362196,2.995732273553991,0.0,0.0,0.0,0.0,0.0,0.0,1.0986122886681098,0.0,0.0,0.0,0.0,0.0,0.0,0.0,0.0,2.5649493574615367,0.0,0.0,0.0,0.0,0.0,1.0986122886681098,0.0,1.3862943611198906,0.0,0.0,0.0,0.0,0.0,0.0,0.0,0.0,0.0,0.02127659574468085,0.0,0.0,0.0,0.0,0.1702127659574468,0.40425531914893614,0.0,0.0,0.0,0.0,0.0,0.0,0.0425531914893617,0.0,0.0,0.0,0.0,0.0,0.0,0.0,0.0,0.2553191489361702,0.0,0.0,0.0,0.0,0.0,0.0425531914893617,0.0,0.06382978723404255,0.0,0.0,0.0,0.0,0.0
Chandigarh,0,6,0,0,0,0,6,0,0,0,11,5,2,4,0,0,0,0,0,0,0,17,0,1,0,0,0,0,0,0,0,2,0,0,0,0,0,0,0,0,3,6,0,0,0,0,0,0,23,2,0,3,3,0,0,9,0,0,0,0,0,0,0,0,0,0,6,23,0,5,1,0,0,11,17,0,0,4,0,0,1,5,3.1780538303479458,0.0,0.0,0.0,0.0,1.9459101490553132,0.0,0.0,0.0,1.791759469228055,1.0986122886681098,1.6094379124341003,0.0,0.0,0.0,0.0,0.0,0.0,0.0,0.0,0.6931471805599453,0.0,0.0,0.0,0.0,0.0,0.0,1.0986122886681098,0.0,0.0,0.0,0.0,0.0,0.0,0.0,1.3862943611198906,0.0,0.0,0.0,0.0,0.0,0.0,0.0,0.0,0.0,0.2608695652173913,0.0,0.0,0.0,0.21739130434782608,0.08695652173913043,0.17391304347826086,0.0,0.0,0.0,0.0,0.0,0.0,0.0,0.0,0.043478260869565216,0.0,0.0,0.0,0.0,0.0,0.0,0.08695652173913043,0.0,0.0,0.0,0.0,0.0,0.0,0.0,0.13043478260869565,0.0,0.0,0.0,0.0,0.0
Dadra and Nagar Haveli and Daman and Diu,0,2,0,0,0,2,0,0,0,0,4,0,4,0,0,0,0,0,0,0,0,6,0,0,0,0,0,0,0,0,0,0,0,0,0,0,0,0,0,0,0,0,0,0,0,0,0,0,6,0,0,0,0,0,0,5,0,0,0,0,0,0,0,0,0,0,1,6,0,3,0,0,0,0,3,0,0,0,0,0,0,0,1.9459101490553132,0.0,0.0,0.0,1.0986122886681098,0.0,0.0,0.0,0.0,0.0,1.6094379124341003,0.0,0.0,0.0,0.0,0.0,0.0,0.0,0.0,0.0,0.0,0.0,0.0,0.0,0.0,0.0,0.0,0.0,0.0,0.0,0.0,0.0,0.0,0.0,0.0,0.0,0.0,0.0,0.0,0.0,0.0,0.0,0.0,0.0,0.3333333333333333,0.0,0.0,0.0,0.0,0.0,0.6666666666666666,0.0,0.0,0.0,0.0,0.0,0.0,0.0,0.0,0.0,0.0,0.0,0.0,0.0,0.0,0.0,0.0,0.0,0.0,0.0,0.0,0.0,0.0,0.0,0.0,0.0,0.0,0.0,0.0,0.0,0.0
Delhi,1,49,6,0,6,0,31,7,5,0,61,9,34,9,0,9,0,0,0,0,17,128,0,18,2,163,6,7,35,12,103,58,1,0,3,0,0,0,9,0,25,279,0,0,0,0,0,0,407,8,2,114,12,0,11,42,1,0,0,0,0,1,1,0,0,0,215,407,6,28,18,0,2,81,135,0,0,9,3,0,3,15,6.0112671744041615,0.6931471805599453,0.0,1.9459101490553132,0.0,3.4657359027997265,2.0794415416798357,1.791759469228055,0.0,2.302585092994046,3.5553480614894135,2.302585092994046,0.0,2.302585092994046,0.0,0.0,0.0,0.0,2.8903717578961645,0.0,2.9444389791664403,1.0986122886681098,1.9459101490553132,2.0794415416798357,3.58351893845611,2.5649493574615367,4.6443908991413725,4.07753744390572,0.6931471805599453,0.0,1.3862943611198906,0.0,0.0,2.302585092994046,0.0,3.258096538021482,0.0,0.0,0.0,0.0,0.0,0.002457002457002457,0.0,0.014742014742014743,0.0,0.07616707616707617,0.0171990171990172,0.012285012285012284,0.0,0.022113022113022112,0.08353808353808354,0.022113022113022112,0.0,0.022113022113022112,0.0,0.0,0.0,0.0,0.04176904176904177,0.0,0.044226044226044224,0.004914004914004914,0.014742014742014743,0.0171990171990172,0.085995085995086,0.029484029484029485,0.25307125307125306,0.14250614250614252,0.002457002457002457,0.0,0.007371007371007371,0.0,0.0,0.022113022113022112,0.0,0.06142506142506143,0.0,0.0,0.0,0.0,0.0
Jammu and Kashmir,0,116,0,0,0,0,6,105,5,1,46,24,13,2,0,7,0,0,0,0,6,169,0,1,0,2,0,2,0,0,0,0,0,1,0,0,0,0,0,0,4,8,0,0,8,0,0,8,185,1,2,112,11,1,1,46,0,1,0,0,0,2,3,0,0,0,5,185,0,39,1,4,0,24,68,0,0,2,0,0,1,3,5.225746673713202,0.0,0.0,0.0,0.0,1.9459101490553132,4.663439094112067,1.791759469228055,0.6931471805599453,3.2188758248682006,2.6390573296152584,1.0986122886681098,0.0,2.0794415416798357,0.0,0.0,0.0,0.0,1.9459101490553132,0.0,0.6931471805599453,0.0,0.0,1.0986122886681098,0.0,0.0,0.0,0.0,0.0,0.6931471805599453,0.0,0.0,0.0,0.0,0.0,1.6094379124341003,0.0,0.0,2.1972245773362196,0.0,0.0,0.0,0.0,0.0,0.0,0.032432432432432434,0.5675675675675675,0.02702702702702703,0.005405405405405406,0.12972972972972974,0.07027027027027027,0.010810810810810811,0.0,0.03783783783783784,0.0,0.0,0.0,0.0,0.032432432432432434,0.0,0.005405405405405406,0.0,0.0,0.010810810810810811,0.0,0.0,0.0,0.0,0.0,0.005405405405405406,0.0,0.0,0.0,0.0,0.0,0.021621621621621623,0.0,0.0,0.043243243243243246,0.0,0.0
Ladakh,0,0,0,0,0,0,0,0,0,0,0,0,0,0,0,0,0,0,0,0,0,0,0,0,0,0,0,0,0,0,0,0,0,0,0,0,0,0,0,0,0,0,0,0,0,0,1,1,1,0,0,0,0,0,0,0,0,0,0,0,0,0,0,0,0,0,1,1,0,0,0,0,0,0,0,0,0,0,0,0,0,0,0.6931471805599453,0.0,0.0,0.0,0.0,0.0,0.0,0.0,0.0,0.0,0.0,0.0,0.0,0.0,0.0,0.0,0.0,0.0,0.0,0.0,0.0,0.0,0.0,0.0,0.0,0.0,0.0,0.0,0.0,0.0,0.0,0.0,0.0,0.0,0.0,0.0,0.0,0.0,0.0,0.0,0.6931471805599453,0.0,0.0,0.0,0.0,0.0,0.0,0.0,0.0,0.0,0.0,0.0,0.0,0.0,0.0,0.0,0.0,0.0,0.0,0.0,0.0,0.0,0.0,0.0,0.0,0.0,0.0,0.0,0.0,0.0,0.0,0.0,0.0,0.0,0.0,0.0,0.0,0.0,0.0,0.0,1.0
Lakshadweep,0,0,0,0,0,0,0,0,0,0,1,0,1,0,0,0,0,0,0,0,0,1,0,0,0,0,0,0,0,0,0,0,0,0,0,0,0,0,0,0,0,0,0,0,0,0,0,0,1,0,0,0,0,0,0,1,0,0,0,0,0,0,0,0,0,0,0,1,0,1,0,0,0,0,1,0,0,0,0,0,0,0,0.6931471805599453,0.0,0.0,0.0,0.0,0.0,0.0,0.0,0.0,0.0,0.6931471805599453,0.0,0.0,0.0,0.0,0.0,0.0,0.0,0.0,0.0,0.0,0.0,0.0,0.0,0.0,0.0,0.0,0.0,0.0,0.0,0.0,0.0,0.0,0.0,0.0,0.0,0.0,0.0,0.0,0.0,0.0,0.0,0.0,0.0,0.0,0.0,0.0,0.0,0.0,0.0,1.0,0.0,0.0,0.0,0.0,0.0,0.0,0.0,0.0,0.0,0.0,0.0,0.0,0.0,0.0,0.0,0.0,0.0,0.0,0.0,0.0,0.0,0.0,0.0,0.0,0.0,0.0,0.0,0.0,0.0,0.0
Puducherry,0,125,72,0,72,7,4,41,1,0,22,10,7,3,0,2,0,0,0,0,0,147,0,0,0,0,0,0,0,0,0,0,0,0,0,0,0,0,0,0,0,0,0,0,0,0,0,0,147,0,0,125,1,0,0,19,0,0,0,0,0,0,0,0,0,0,2,147,0,10,0,0,0,0,10,0,0,3,0,0,0,3,4.997212273764115,0.0,0.0,4.290459441148391,2.0794415416798357,1.6094379124341003,3.7376696182833684,0.6931471805599453,0.0,2.3978952727983707,2.0794415416798357,1.3862943611198906,0.0,1.0986122886681098,0.0,0.0,0.0,0.0,0.0,0.0,0.0,0.0,0.0,0.0,0.0,0.0,0.0,0.0,0.0,0.0,0.0,0.0,0.0,0.0,0.0,0.0,0.0,0.0,0.0,0.0,0.0,0.0,0.0,0.4897959183673469,0.047619047619047616,0.027210884353741496,0.2789115646258503,0.006802721088435374,0.0,0.06802721088435375,0.047619047619047616,0.02040816326530612,0.0,0.013605442176870748,0.0,0.0,0.0,0.0,0.0,0.0,0.0,0.0,0.0,0.0,0.0,0.0,0.0,0.0,0.0,0.0,0.0,0.0,0.0,0.0,0.0,0.0,0.0,0.0,0.0,0.0,0.0
